Feature,KW_stat,KW_p,KW_FDR,KW_sig
Actin_Volume,15.848570747434337,0.0003618483437928088,0.0010855450313784264,True
Actin_Skeleton_Length,4.265368974459818,0.11851870447051494,0.17777805670577237,False
Actin_Solidity,23.927651767424436,6.370542776858289e-06,2.2296899719004013e-05,True
Actin_Fractional_Anisotropy,2.6832261173170195,0.2614236366300841,0.3049942427350981,False
Actin_Major_Axis,25.550431008385544,2.830051908665341e-06,1.1886218016394432e-05,True
Actin_Minor_Axis,8.527057286148192,0.014072557662918608,0.036940463865161345,True
Mito_Volume,4.883786541741074,0.08699598847524792,0.14566356460066296,False
Mito_Sphericity,3.9252368843278305,0.1404900737508998,0.19668610325125974,False
Mito_Fragment_Count,4.812057497381843,0.09017268284802946,0.14566356460066296,False
Mito_Mean_Fragment_Volume,2.0022888727434633,0.3674586673788948,0.406138527102989,False
Mito_Branch_Count,6.578468956746622,0.037282378942205006,0.08699221753181169,False
Mito_Total_Network_Length,5.145314407814396,0.07633244483291673,0.14566356460066296,False
Mito_Mean_Tortuosity,41.17172776718229,1.147289212599528e-09,2.409307346459009e-08,True
Mito_Junction_Count,5.2439307203317345,0.07265991949445132,0.14566356460066296,False
Mito_Cyclomatic_Number,2.7025454201247907,0.25891053282605403,0.3049942427350981,False
Nucleus_Volume,35.502341872919374,1.953279602896043e-08,2.050943583040845e-07,True
Nucleus_Sphericity,32.65113664451053,8.126354497425361e-08,4.2663361111483144e-07,True
Nucleus_Circularity,0.9177182239802164,0.6320042804526438,0.6636044944752759,False
Nucleus_Elongation,32.786940556910224,7.592876199165207e-08,4.2663361111483144e-07,True
Nucleus_Flatness,0.7372223133857574,0.6916943188717674,0.6916943188717674,False
Nucleus_Solidity,2.8518589306226545,0.24028502279085392,0.3049942427350981,False
