Feature,Organelle,n_HT,n_noHT,Cohen_d,p,BH_q,Significant
Actin_Convex_Hull_Volume_µm³,Actin,11,3,-0.818442792965445,0.22527472527472528,0.5025359256128487,False
Actin_Extent_ratio,Actin,11,3,-0.45868757815565736,0.29120879120879123,0.5278159340659341,False
Actin_Fractional_Anisotropy_ratio,Actin,11,3,0.45634707250156903,0.4560439560439561,0.6705586080586081,False
Actin_Intermediate_Axis_µm,Actin,11,3,-0.51348291220782,0.4560439560439561,0.6705586080586081,False
Actin_Major_Axis_µm,Actin,11,3,-0.2921689951850103,0.7692307692307692,0.8262108262108262,False
Actin_Minor_Axis_µm,Actin,11,3,-1.1844134231117238,0.12637362637362637,0.4581043956043956,False
Actin_Skeleton_Length_µm,Actin,11,3,1.0458953049574402,0.29120879120879123,0.5278159340659341,False
Actin_Solidity_ratio,Actin,11,3,-0.2708615889719906,0.7692307692307692,0.8262108262108262,False
Actin_Volume_µm³,Actin,11,3,-0.8342928044921807,0.22527472527472528,0.5025359256128487,False
Mito_Branch_Count_n,Mitochondria,11,3,0.9817958793802715,0.038461538461538464,0.29212454212454214,False
Mito_Cyclomatic_Number_n,Mitochondria,11,3,-1.1953491317354183,0.08791208791208792,0.3642072213500785,False
Mito_Fragment_Count_n,Mitochondria,11,3,0.7976379195112939,0.22527472527472528,0.5025359256128487,False
Mito_Junction_Count_n,Mitochondria,11,3,1.0503155675725329,0.038461538461538464,0.29212454212454214,False
Mito_Max_Fragment_Sphericity_ratio,Mitochondria,11,3,0.4291038245459789,0.5316069168931149,0.6705586080586081,False
Mito_Mean_Branch_Length_µm,Mitochondria,11,3,-1.2499654234918947,0.06043956043956045,0.29212454212454214,False
Mito_Mean_Fragment_Sphericity_ratio,Mitochondria,11,3,-0.8352215307649089,0.22527472527472528,0.5025359256128487,False
Mito_Mean_Fragment_Volume_µm³,Mitochondria,11,3,0.09242028628539753,0.8846153846153846,0.8846153846153846,False
Mito_Mean_Tortuosity_ratio,Mitochondria,11,3,1.7071750650795487,0.06043956043956045,0.29212454212454214,False
Mito_Min_Fragment_Sphericity_ratio,Mitochondria,11,3,-1.0274822684076466,0.17032967032967034,0.5025359256128487,False
Mito_Sphericity_ratio,Mitochondria,11,3,-1.486552546487961,0.038461538461538464,0.29212454212454214,False
Mito_Std_Fragment_Sphericity_ratio,Mitochondria,11,3,0.24717334207007058,0.554945054945055,0.6705586080586081,False
Mito_Surface_Area_µm²,Mitochondria,11,3,0.4263881811830652,0.4560439560439561,0.6705586080586081,False
Mito_Total_Network_Length_µm,Mitochondria,11,3,0.9202511001964636,0.06043956043956045,0.29212454212454214,False
Mito_Volume_µm³,Mitochondria,11,3,0.1059386641470272,0.8846153846153846,0.8846153846153846,False
Nucleus_Elongation_ratio,Nucleus,11,3,0.20282209060826123,0.554945054945055,0.6705586080586081,False
Nucleus_Flatness_ratio,Nucleus,11,3,0.6328271552158428,0.554945054945055,0.6705586080586081,False
Nucleus_Solidity_ratio,Nucleus,11,3,0.34555009670947107,0.554945054945055,0.6705586080586081,False
Nucleus_Sphericity_ratio,Nucleus,11,3,0.8783757431887541,0.26499095838989695,0.5278159340659341,False
Nucleus_Volume_µm³,Nucleus,11,3,-0.24205235887469656,0.7692307692307692,0.8262108262108262,False
