Filename,Nucleus_Volume,Nucleus_Sphericity,Nucleus_Elongation,Nucleus_Flatness,Nucleus_Solidity,Structure,Dataset_Source
01Asc-230 +Col 60x veh-Zstack Cell1.nii.gz,36701.0,0.3650757697607287,14.826463556620896,0.6966458536106215,0.6680988184747583,Nucleus,Training
01Asc-230 +Col 60x veh-Zstack Cell2.nii.gz,197257.0,1.782333881347265,10.841947582926034,0.7655648607833281,0.9406718232887296,Nucleus,Training
01Asc-230 +Col 60x veh-Zstack Cell3.nii.gz,95803.0,0.1925071134001704,44.23241911434612,0.5254978996609735,0.6322128075176856,Nucleus,Training
01Asc-230 +Col 60x veh-Zstack Cell4.nii.gz,141224.0,0.914295974519101,16.529921635073247,0.5558182068253067,0.879216573729089,Nucleus,Training
01Asc-230 +Col 60x veh-Zstack Cell5.nii.gz,72759.0,0.6355093057977346,14.717349006494072,0.4474132001472096,0.8199285529147932,Nucleus,Training
01Asc-230 -Col 60x veh-Zstack Cell2.nii.gz,269005.0,1.2172299523854253,11.950483792501103,0.7030063799890771,0.9093137006351556,Nucleus,Training
01Asc-230 -Col 60x veh-Zstack Cell3.nii.gz,191234.0,2.4107356919023992,10.566034229509786,0.6043121142267102,0.9755271161186292,Nucleus,Training
01Asc-230 -Col 60x veh-Zstack Cell4.nii.gz,59887.0,1.0964309097298273,8.92452570310399,0.6360951386970468,0.88637440056835,Nucleus,Training
01Asc-230 -Col 60x veh-Zstack Cell5.nii.gz,71683.0,0.2269764721652447,33.49101603670049,0.5920172563379583,0.7037749742280693,Nucleus,Training
01C-0083 +coll 60x vehicleZstack cell1.nii.gz,151097.0,1.5279829562562404,12.30439194834764,0.5789583558910681,0.9426051044025628,Nucleus,Training
01C-0083 +coll 60x vehicleZstack cell2.nii.gz,149127.0,1.6691217274589938,13.530182763679782,0.4657350615934395,0.9336756633698428,Nucleus,Training
01C-0083 +coll 60x vehicleZstack cell4.nii.gz,133226.0,2.477352971323429,11.201773599155969,0.7757091079110712,0.962904601506368,Nucleus,Training
01C-0083 +coll 60x vehicleZstack cell5.nii.gz,71899.0,2.3278274227768083,8.910767640685531,0.8955962120824953,0.9558240940150488,Nucleus,Training
01C-0083 -coll 60x vehicleZstack cell1.nii.gz,103589.0,2.557741379871918,12.939113714838628,0.602705788660337,0.958950663012075,Nucleus,Training
01C-0083 -coll 60x vehicleZstack cell2.nii.gz,171425.0,0.6797487335823872,8.130131378167679,0.6216475711752356,0.8426591244967641,Nucleus,Training
01C-0083 -coll 60x vehicleZstack cell3.nii.gz,125443.0,2.7413830663835235,14.201682776548592,0.6083089716411529,0.9671557327124276,Nucleus,Training
01C-0083 -coll 60x vehicleZstack cell4.nii.gz,108425.0,1.155607304903569,14.819989743659333,0.6894064699941419,0.9137778452046827,Nucleus,Training
01C-0083 -coll 60x vehicleZstack cell5.nii.gz,188758.0,1.0538552439813318,13.158788589220071,0.6420822180986218,0.909401001141822,Nucleus,Training
01C-0096 +coll 60x vehicleZstack cell1.nii.gz,159604.0,2.3432387164792843,7.667957096357465,0.7767548517795861,0.9586459165470392,Nucleus,Training
01C-0096 +coll 60x vehicleZstack cell2.nii.gz,174240.0,2.225757362322822,9.035335145722058,0.7490049531380363,0.963048358380608,Nucleus,Training
01C-0096 +coll 60x vehicleZstack cell3.nii.gz,60266.0,1.062881403260805,9.386611241031565,0.2529796680329471,0.8506358773130831,Nucleus,Training
01C-0096 +coll 60x vehicleZstack cell5.nii.gz,300073.0,3.013949998282565,24.804471306267285,0.4745321239882845,0.971707522424792,Nucleus,Training
01C-0096 -coll 60x vehicleZstack cell1.nii.gz,133962.0,1.287586037752466,15.63152976129,0.5534941255747599,0.908605031301505,Nucleus,Training
01C-0096 -coll 60x vehicleZstack cell2.nii.gz,281718.0,2.3058860850783995,16.97388612026168,0.5487202579887845,0.9462515114873036,Nucleus,Training
01C-0096 -coll 60x vehicleZstack cell3.nii.gz,280119.0,0.9361551829228886,16.494868003438906,0.5657824635929791,0.9215909129578146,Nucleus,Training
01C-0096 -coll 60x vehicleZstack cell5.nii.gz,222945.0,1.5164831478210992,14.684931434530252,0.5909903701134691,0.94876268698002,Nucleus,Training
01C-0097 +coll 60x VehicleZstack cell1.nii.gz,135126.0,2.044901373420677,13.534491516830505,0.5373100399798113,0.964462064721121,Nucleus,Training
01C-0097 +coll 60x VehicleZstack cell2.nii.gz,85452.0,0.8694733520016361,7.171308670092465,0.5006810882087559,0.915642174498422,Nucleus,Training
01C-0097 +coll 60x VehicleZstack cell3.nii.gz,131073.0,2.2491058865338207,11.262792822574376,0.5790452553809714,0.9621498864496594,Nucleus,Training
01C-0097 +coll 60x VehicleZstack cell4.nii.gz,120368.0,1.9971642468192616,12.78435090305825,0.5387930309368499,0.9623003451320332,Nucleus,Training
01C-0097 +coll 60x VehicleZstack cell5.nii.gz,96236.0,2.3134532744674723,13.176368176505148,0.5409316308877816,0.9615330815498672,Nucleus,Training
01C-0097 -coll 60x VehicleZstack cell2.nii.gz,68347.0,1.5189391561422585,12.07056144855112,0.271571125712226,0.9106633238204463,Nucleus,Training
01C-0097 -coll 60x VehicleZstack cell3.nii.gz,145992.0,2.7588178637810823,11.270869001044728,0.6404486645254218,0.9831819008425888,Nucleus,Training
01C-0097 -coll 60x VehicleZstack cell4.nii.gz,102369.0,1.5390609330053826,8.433540181608786,0.5242501700268717,0.935722708201936,Nucleus,Training
01C-0097 -coll 60x VehicleZstack cell5.nii.gz,221273.0,1.907444610259808,10.929334529364972,0.6497807384712092,0.9508504096157568,Nucleus,Training
01C-0113 +coll veh60x Zstack cell4.nii.gz,50185.0,1.988035960007573,5.67895409143605,0.688112866590239,0.9333097766454036,Nucleus,Training
01C-0113 no coll veh60x Zstack cell1.nii.gz,26377.0,0.2862485083710346,16.997168205355308,0.6699141321872745,0.6532355927586122,Nucleus,Training
01C-0113 no coll veh60x Zstack cell2.nii.gz,19046.0,0.4154939572573248,8.996229235997523,0.5211204105534802,0.7023897329989675,Nucleus,Training
01C-0113 no coll veh60x Zstack cell3.nii.gz,43491.0,2.529515771710345,6.800464341599303,0.9157596209182371,0.9734321142396706,Nucleus,Training
01C-0113 no coll veh60x Zstack cell4.nii.gz,31809.0,1.8244548677436137,4.376160413679073,0.592638601633939,0.9544227076332212,Nucleus,Training
01C-0113 no coll veh60x Zstack cell5.nii.gz,47206.0,1.4975170039184655,4.648008178589194,0.6578338743150928,0.9364040307863208,Nucleus,Training
01C-0117 +coll 60x VehicleZstack cell1.nii.gz,82883.0,0.7004096052575688,9.311447376584136,0.6885321549995033,0.8289588232351028,Nucleus,Training
01C-0117 +coll 60x VehicleZstack cell2.nii.gz,69360.0,1.1940122512275442,10.208481504965365,0.7115537463178035,0.9102602806253036,Nucleus,Training
01C-0117 +coll 60x VehicleZstack cell3.nii.gz,36044.0,0.4933433097055054,12.839693961385867,0.4115067729526477,0.7405211066801661,Nucleus,Training
01C-0117 +coll 60x VehicleZstack cell4.nii.gz,74236.0,0.4258473292647461,10.562763020194271,0.6886611028168554,0.8368096820353618,Nucleus,Training
01C-0117 +coll 60x VehicleZstack cell5.nii.gz,63911.0,0.4451109097033845,13.775765958829,0.69945786939102,0.7820231334404553,Nucleus,Training
01C-0117 -coll 60x VehicleZstack cell1.nii.gz,69859.0,1.1466754351574284,10.426181798302446,0.6750949561544348,0.8905933208369994,Nucleus,Training
01C-0117 -coll 60x VehicleZstack cell2.nii.gz,92734.0,2.616494249361804,11.02878871892806,0.5532050682696753,0.978423490435645,Nucleus,Training
01C-0117 -coll 60x VehicleZstack cell3.nii.gz,78639.0,1.1167122326719252,9.973716353262535,0.8330449140019409,0.8937749337940284,Nucleus,Training
01C-0117 -coll 60x VehicleZstack cell4.nii.gz,167154.0,0.0644434168610053,33.68848470597251,0.7793745051163078,0.202349073628852,Nucleus,Training
01C-0117 -coll 60x VehicleZstack cell5.nii.gz,98557.0,0.2068771992123107,18.935737292419915,0.5207203274051694,0.7725545639303703,Nucleus,Training
01C-202 +coll 60x veh 48h-Zstack cell1.nii.gz,56344.0,2.234542945006957,5.076336969656389,0.7673438699653302,0.980029225523624,Nucleus,Training
01C-202 +coll 60x veh 48h-Zstack cell2.nii.gz,51670.0,2.610725547271473,8.506519290252486,0.6946705341764103,0.9708756106726796,Nucleus,Training
01C-202 +coll 60x veh 48h-Zstack cell3.nii.gz,30156.0,0.5270052794360209,16.4285965371203,0.1691855923435526,0.3300850480109739,Nucleus,Training
01C-202 +coll 60x veh 48h-Zstack cell4.nii.gz,73987.0,1.895093795667632,9.91365685511174,0.7319224815756344,0.9530108842661172,Nucleus,Training
01C-202 +coll 60x veh 48h-Zstack cell5.nii.gz,54340.0,1.7367214404449838,17.127024284111187,0.2093225089448633,0.8338192419825073,Nucleus,Training
01C-202 -coll 60x Veh24h-Zstack cell1.nii.gz,66242.0,2.566425353546005,7.746358980897284,0.7994552627538084,0.9843060323688082,Nucleus,Training
01C-202 -coll 60x Veh24h-Zstack cell2.nii.gz,92930.0,2.956979715846121,11.237970364467166,0.7108228729429387,0.987356566085848,Nucleus,Training
01C-202 -coll 60x Veh24h-Zstack cell3.nii.gz,66609.0,2.997639787209192,11.146296766949948,0.7125559546746695,0.9870632168578288,Nucleus,Training
01C-202 -coll 60x Veh24h-Zstack cell4.nii.gz,22685.0,2.04911039302597,7.125276241767682,0.4351065540598482,0.9532313639801664,Nucleus,Training
01C-202 -coll 60x Veh24h-Zstack cell5.nii.gz,53710.0,2.5940035526985445,9.709227399581216,0.554269443370311,0.9808254200146092,Nucleus,Training
01C-222 +Col 60x veh-Zstack Cell1.nii.gz,133710.0,2.4954691743035182,7.053116110345616,0.7642150091836705,0.9885771320838416,Nucleus,Training
01C-222 +Col 60x veh-Zstack Cell2.nii.gz,137331.0,3.3550964638568703,16.159547056675574,0.6982760492797395,0.9891741216128614,Nucleus,Training
01C-222 +Col 60x veh-Zstack Cell3.nii.gz,154600.0,3.5662665780001115,22.168304144016638,0.5975343590473271,0.9893007064605304,Nucleus,Training
01C-222 +Col 60x veh-Zstack Cell4.nii.gz,103707.0,3.2094959214862118,14.292445090875258,0.6741439718241152,0.9873189958015596,Nucleus,Training
01C-222 +Col 60x veh-Zstack Cell5.nii.gz,78428.0,0.239254362204702,36.16203521236072,0.6866483406728069,0.6702274028559952,Nucleus,Training
01C-222 -Col 60x veh-Zstack Cell3.nii.gz,147396.0,2.750575483918565,11.667682969514471,0.6050626365775671,0.9825613950883928,Nucleus,Training
01C-222 -Col 60x veh-Zstack Cell5.nii.gz,69071.0,0.1437770041896005,29.10844675912256,0.7193403329853513,0.538154081092031,Nucleus,Training
03Asc-0057 -Col 60x veh-Zstack Cell5.nii.gz,17257.0,0.6895843221939475,11.29270643444545,0.2850201276710138,0.7187683777199025,Nucleus,Training
03Asc-024 +coll 60x veh 48h-Zstack cell1.nii.gz,67749.0,1.5990220515245377,14.594288254441825,0.6163826504799602,0.9305030971445838,Nucleus,Training
03Asc-024 +coll 60x veh 48h-Zstack cell2.nii.gz,44694.0,2.651918016896492,10.197258476362206,0.5746508943223883,0.966147859922179,Nucleus,Training
03Asc-024 +coll 60x veh 48h-Zstack cell3.nii.gz,156959.0,2.150199436779662,13.21350038052323,0.8765064441446693,0.9663951433655344,Nucleus,Training
03Asc-024 +coll 60x veh 48h-Zstack cell5.nii.gz,141404.0,2.635887236630016,15.908629397706884,0.7478189211787523,0.9659139035752832,Nucleus,Training
03Asc24- DMSO low-cell-1.nii.gz,149472.0,1.3775189629620626,10.921950166658544,0.5638778350554919,0.9526698874427972,Nucleus,Training
03Asc24- DMSO low-cell-2.nii.gz,40860.0,2.452256390424379,11.655998274027104,0.4002561911972409,0.9765540976554098,Nucleus,Training
03Asc24- DMSO low-cell-3.nii.gz,71840.0,0.953355519540221,8.56178067414884,0.7227559378549472,0.8844785344052792,Nucleus,Training
03Asc24- DMSO low-cell-4.nii.gz,222180.0,3.0520051337746112,13.42907172227533,0.6869020398684814,0.9884683145587528,Nucleus,Training
03Asc24- DMSO low-cell-5.nii.gz,79728.0,0.8069449008293385,10.973541567240924,0.5051735407213809,0.8890376270316701,Nucleus,Training
03Asc24-DMSO high cell-1.nii.gz,106736.0,2.721608820678118,13.01203687771527,0.6100811419673354,0.97530728809687,Nucleus,Training
03Asc24-DMSO high cell-2.nii.gz,69102.0,2.5910675194454518,9.303355209256702,0.5810637647139667,0.986494974874372,Nucleus,Training
03Asc24-DMSO high cell-3.nii.gz,118817.0,1.6099245744387594,12.699448977506202,0.5618628199552035,0.8970381457794712,Nucleus,Training
03Asc24-DMSO high cell-4.nii.gz,60779.0,1.958484617293515,9.31312438951278,0.6836795776298615,0.9569275398877468,Nucleus,Training
03Asc24-DMSO high cell-5.nii.gz,151298.0,2.269366344815904,12.964719149675696,0.6564325952515375,0.969529582898118,Nucleus,Training
03Rt-0045 +coll 60x veh 48h-Zstack cell1.nii.gz,117048.0,2.639307668517948,9.976610355781911,0.6562447944305688,0.987246963562753,Nucleus,Training
03Rt-0045 +coll 60x veh 48h-Zstack cell2.nii.gz,136050.0,2.461168627645009,7.49971733147113,0.6898696070531514,0.9843716084219666,Nucleus,Training
03Rt-0045 +coll 60x veh 48h-Zstack cell3.nii.gz,194064.0,2.7665329869087203,11.727375154455473,0.6249526839395682,0.9855416914240444,Nucleus,Training
03Rt-0045 +coll 60x veh 48h-Zstack cell4.nii.gz,153552.0,2.4235062693249807,7.458781956155702,0.6472627271182205,0.9870410367170628,Nucleus,Training
03Rt-0045 +coll 60x veh 48h-Zstack cell5.nii.gz,86532.0,2.582238627596132,8.630815278570216,0.6495648569845313,0.9836311553676168,Nucleus,Training
03Rt-0045 -coll 60x veh 48h-Zstack cell1.nii.gz,108185.0,2.8677151870040016,10.377459887574393,0.7299654342341076,0.9857672647088304,Nucleus,Training
03Rt-0045 -coll 60x veh 48h-Zstack cell2.nii.gz,165088.0,2.856223972207106,15.271627720516186,0.5138006649695754,0.9867192636423404,Nucleus,Training
03Rt-0045 -coll 60x veh 48h-Zstack cell3.nii.gz,63595.0,1.3362893736301709,5.253931306378344,0.8493858428384461,0.9140627245810216,Nucleus,Training
03Rt-0045 -coll 60x veh 48h-Zstack cell4.nii.gz,97351.0,1.478305497515491,6.5256353619777805,0.5524186011040948,0.933634471713132,Nucleus,Training
03Rt-0045 -coll 60x veh 48h-Zstack cell5.nii.gz,74180.0,2.237164186742381,10.207148503507884,0.690402370209921,0.9283738626550356,Nucleus,Training
01ASC-0180 +coll 60x DMSO48h-Zstack cell10_segmentation.nii.gz,53241.0,2.0812038976382428,11.567710287101082,0.7736687312592786,0.9634428840306934,Nucleus,Inference
01ASC-0180 +coll 60x DMSO48h-Zstack cell1_segmentation.nii.gz,70475.0,2.4781711533244826,14.230027072669886,0.6696688892094321,0.9740843123704216,Nucleus,Inference
01ASC-0180 +coll 60x DMSO48h-Zstack cell2_segmentation.nii.gz,87536.0,1.7312220955540487,14.950556553511015,0.5338902817969401,0.9644766491406354,Nucleus,Inference
01ASC-0180 +coll 60x DMSO48h-Zstack cell3_segmentation.nii.gz,67083.0,1.2907221416724912,12.065110296973776,0.6510108222566431,0.9326056729699668,Nucleus,Inference
01ASC-0180 +coll 60x DMSO48h-Zstack cell4_segmentation.nii.gz,50397.0,2.381565350282785,11.78625569747284,0.6998180180637358,0.9703300088567136,Nucleus,Inference
01ASC-0180 +coll 60x DMSO48h-Zstack cell5_segmentation.nii.gz,59165.0,1.7586949243363437,15.79697228680521,0.7028608636570971,0.9549504471059173,Nucleus,Inference
01ASC-0180 +coll 60x DMSO48h-Zstack cell6_segmentation.nii.gz,51666.0,1.3831977693800783,9.692778045372268,0.5631301682466028,0.9341301124651936,Nucleus,Inference
01ASC-0180 +coll 60x DMSO48h-Zstack cell7_segmentation.nii.gz,65606.0,2.2983720241258485,10.272751717677249,0.6288665791151534,0.960640759071075,Nucleus,Inference
01ASC-0180 +coll 60x DMSO48h-Zstack cell8_segmentation.nii.gz,84265.0,1.3228146496042126,13.408334278317662,0.6541056868399232,0.9332705621711436,Nucleus,Inference
01ASC-0180 +coll 60x DMSO48h-Zstack cell9_segmentation.nii.gz,130754.0,2.330522624363981,19.336687850347843,0.6710110945805408,0.9720400850469096,Nucleus,Inference
01ASC-0180 -coll 60x DMSO48H-Zstack cell1_segmentation.nii.gz,65584.0,2.426568221546645,8.15550559811973,0.7101148705767625,0.9680009446215608,Nucleus,Inference
01ASC-0180 -coll 60x DMSO48H-Zstack cell2_segmentation.nii.gz,89464.0,1.9740411129457556,18.249973431283166,0.5272891283727124,0.9559549505267882,Nucleus,Inference
01ASC-0180 -coll 60x DMSO48H-Zstack cell3_segmentation.nii.gz,108363.0,2.8062457164339336,15.837521626511023,0.5788561483867057,0.9793400753734784,Nucleus,Inference
01ASC-0180 -coll 60x DMSO48H-Zstack cell4_segmentation.nii.gz,92458.0,2.169018552274424,17.533419737766756,0.5814008399561379,0.968826296983224,Nucleus,Inference
01ASC-0180 -coll 60x DMSO48H-Zstack cell5_segmentation.nii.gz,64851.0,1.8322972505037705,11.999769322493098,0.6200837369566151,0.9612967300109692,Nucleus,Inference
01ASC-0180 -coll 60x DMSO48h-Zstack cell10_segmentation.nii.gz,56235.0,1.6031239012168728,13.429705004624946,0.617677127512209,0.9516999779992892,Nucleus,Inference
01ASC-0180 -coll 60x DMSO48h-Zstack cell6_segmentation.nii.gz,99590.0,1.8283634433024265,7.424710103358157,0.6509430127043935,0.9499685216628192,Nucleus,Inference
01ASC-0180 -coll 60x DMSO48h-Zstack cell7_segmentation.nii.gz,80194.0,1.6446229870879574,7.618444780769082,0.6358026478674166,0.9523928304172754,Nucleus,Inference
01ASC-0180 -coll 60x DMSO48h-Zstack cell8_segmentation.nii.gz,97174.0,2.740647423262938,12.076556313433535,0.6477035242450586,0.9786394078251676,Nucleus,Inference
01ASC-0180 -coll 60x DMSO48h-Zstack cell9_segmentation.nii.gz,71424.0,2.0323254926317227,11.103441280083327,0.5703345105785191,0.965215276088543,Nucleus,Inference
01Asc-230 -Col 60x veh-Zstack Cell1_segmentation.nii.gz,127189.0,2.670344147785846,10.061019622511491,0.7026327023799606,0.9815329289561822,Nucleus,Inference
01C-0083 +coll 60x vehicleZstack cell3_segmentation.nii.gz,157545.0,1.128069246135302,7.116944601324303,0.5242512756194583,0.8912657099306893,Nucleus,Inference
01C-0096 +coll 60x vehicleZstack cell4_segmentation.nii.gz,0.0,0.0,0.0,,,Nucleus,Inference
01C-0096 -coll 60x vehicleZstack cell4_segmentation.nii.gz,9861.0,0.3633463708506979,6.373577529096496,0.5257577932579978,0.5890810180687779,Nucleus,Inference
01C-0097 -coll 60x VehicleZstack cell1_segmentation.nii.gz,0.0,0.0,0.0,,,Nucleus,Inference
01C-0113 +coll veh60x Zstack cell1_segmentation.nii.gz,0.0,0.0,0.0,,,Nucleus,Inference
01C-0113 +coll veh60x Zstack cell2_segmentation.nii.gz,4517.0,0.5537864000850982,8.121030498289825,0.4875172032120454,0.5946352812371698,Nucleus,Inference
01C-0113 +coll veh60x Zstack cell3_segmentation.nii.gz,18691.0,1.0883595508335864,5.218984376913273,0.505163813372898,0.8479967330641136,Nucleus,Inference
01C-0113 +coll veh60x Zstack cell5_segmentation.nii.gz,0.0,0.0,0.0,,,Nucleus,Inference
01C-222 -Col 60x veh-Zstack Cell1_segmentation.nii.gz,26.0,0.7045378325577814,3.2276318865200806,0.4959540455392736,0.6666666666666666,Nucleus,Inference
01C-222 -Col 60x veh-Zstack Cell2_segmentation.nii.gz,121530.0,1.2036358318024687,17.76783135184919,0.3566247250963119,0.7094681776516677,Nucleus,Inference
01C-222 -Col 60x veh-Zstack Cell4_segmentation.nii.gz,14414.0,0.1388614046538469,19.92736901720945,0.7254856050432952,0.4629808621689542,Nucleus,Inference
03Asc-0043 +coll 60x veh 48h-Zstack cell1_segmentation.nii.gz,61210.0,0.8456827484125365,9.1991456650556,0.6916788167304735,0.8968629576990139,Nucleus,Inference
03Asc-0043 +coll 60x veh 48h-Zstack cell2_segmentation.nii.gz,85698.0,2.6763497629234068,15.90823180246825,0.4606193680683467,0.9655234575690658,Nucleus,Inference
03Asc-0043 +coll 60x veh 48h-Zstack cell3_segmentation.nii.gz,62768.0,2.764963873661204,13.017027221243929,0.7111366223211761,0.9832478711803058,Nucleus,Inference
03Asc-0043 +coll 60x veh 48h-Zstack cell4_segmentation.nii.gz,130583.0,3.2338793225199245,15.528752854863566,0.7224366682789028,0.9866863122898484,Nucleus,Inference
03Asc-0043 +coll 60x veh 48h-Zstack cell5_segmentation.nii.gz,159341.0,1.2323529589362543,10.324028096585945,0.7200183021119184,0.9523001249125912,Nucleus,Inference
03Asc-0043 -coll 60x veh 48h-Zstack cell1_segmentation.nii.gz,78370.0,2.957891805608191,12.615812903025692,0.6556898661279371,0.9845106340213308,Nucleus,Inference
03Asc-0043 -coll 60x veh 48h-Zstack cell2_segmentation.nii.gz,39535.0,2.0511876748200817,9.362415897173756,0.6168150486152442,0.9720924514384068,Nucleus,Inference
03Asc-0043 -coll 60x veh 48h-Zstack cell3_segmentation.nii.gz,52313.0,2.602786619999632,8.64336716040795,0.6787269728633203,0.9800663206999268,Nucleus,Inference
03Asc-0043 -coll 60x veh 48h-Zstack cell4_segmentation.nii.gz,136909.0,3.0613849663178136,12.566368243148451,0.8400328519267692,0.984956834532374,Nucleus,Inference
03Asc-0043 -coll 60x veh 48h-Zstack cell5_segmentation.nii.gz,155856.0,2.915153375884826,16.35619530944357,0.5670359621360458,0.9820855834000214,Nucleus,Inference
03Asc-0051 +Col 60x veh-Zstack Cell1_segmentation.nii.gz,191849.0,2.964506911527415,17.21604844532504,0.6300787241166756,0.9829891017528398,Nucleus,Inference
03Asc-0051 +Col 60x veh-Zstack Cell2_segmentation.nii.gz,97838.0,2.21861097003133,10.885949517962374,0.627972094510636,0.9193859591329636,Nucleus,Inference
03Asc-0051 +Col 60x veh-Zstack Cell3_segmentation.nii.gz,175604.0,1.822042324678125,12.520042686144318,0.6289929503822939,0.9699307164498306,Nucleus,Inference
03Asc-0051 +Col 60x veh-Zstack Cell4_segmentation.nii.gz,69606.0,1.2703696451397624,6.63158695820919,0.4684069444356875,0.9411620194079352,Nucleus,Inference
03Asc-0051 +Col 60x veh-Zstack Cell5_segmentation.nii.gz,173296.0,2.870615505749678,13.958595876571936,0.6471688012951371,0.9845244858538802,Nucleus,Inference
03Asc-0051 -Col 60x veh-Zstack Cell1_segmentation.nii.gz,105826.0,1.495181423846048,8.863696409547858,0.3345656055970639,0.928047803856342,Nucleus,Inference
03Asc-0051 -Col 60x veh-Zstack Cell2_segmentation.nii.gz,82387.0,2.415495886460534,10.938726424399364,0.5072640638959293,0.9755932925962768,Nucleus,Inference
03Asc-0051 -Col 60x veh-Zstack Cell3_segmentation.nii.gz,241546.0,2.6050099622701848,9.75871365878916,0.7241757502939863,0.9858728927711335,Nucleus,Inference
03Asc-0051 -Col 60x veh-Zstack Cell4_segmentation.nii.gz,73050.0,1.7856407043510407,6.988544594481026,0.547845439296192,0.9369588918104278,Nucleus,Inference
03Asc-0051 -Col 60x veh-Zstack Cell5_segmentation.nii.gz,413117.0,3.0371304852419896,17.703535818788417,0.5786047984960397,0.9898407100001916,Nucleus,Inference
03Asc-0054 -Col 60x veh-Zstack Cell1_segmentation.nii.gz,102936.0,1.7656980822327262,7.92648862637032,0.7514420694215048,0.9328898596170054,Nucleus,Inference
03Asc-0054 -Col 60x veh-Zstack Cell2_segmentation.nii.gz,143174.0,1.816702220758077,16.35473699075016,0.5408575518448485,0.950829470440569,Nucleus,Inference
03Asc-0054 -Col 60x veh-Zstack Cell3_segmentation.nii.gz,56757.0,0.236492455375471,33.98552345684899,0.4983775346198352,0.6543029101139142,Nucleus,Inference
03Asc-0054 -Col 60x veh-Zstack Cell4_segmentation.nii.gz,141140.0,2.201101037640297,12.83683945160557,0.4894908476461596,0.9612018769111328,Nucleus,Inference
03Asc-0054 -Col 60x veh-Zstack Cell5_segmentation.nii.gz,49742.0,1.594554491109298,8.22266291627667,0.3843296810898593,0.825072983014862,Nucleus,Inference
03Asc-0055 +Col 60x veh-Zstack Cell1_segmentation.nii.gz,34850.0,0.2895967496603693,21.64407014935791,0.5970129046295427,0.7022953066118534,Nucleus,Inference
03Asc-0055 +Col 60x veh-Zstack Cell2_segmentation.nii.gz,79800.0,2.276306840063296,21.069289807916583,0.5276785814941944,0.9694113073689836,Nucleus,Inference
03Asc-0055 +Col 60x veh-Zstack Cell3_segmentation.nii.gz,55370.0,0.239286451525286,31.373602980559877,0.6063832564902163,0.6870920507284144,Nucleus,Inference
03Asc-0055 +Col 60x veh-Zstack Cell4_segmentation.nii.gz,95428.0,2.371232332461364,18.62097724166568,0.5336702487039225,0.96311173460634,Nucleus,Inference
03Asc-0055 +Col 60x veh-Zstack Cell5_segmentation.nii.gz,58175.0,2.748887661410101,11.939795347845372,0.543557835150208,0.9835164835164836,Nucleus,Inference
03Asc-0055 -Col 60x veh-Zstack Cell1_segmentation.nii.gz,139774.0,2.7982564674233945,10.170451088029084,0.7548029601319609,0.9861086614506536,Nucleus,Inference
03Asc-0055 -Col 60x veh-Zstack Cell2_segmentation.nii.gz,112867.0,2.4661543153285845,16.20604770636808,0.5840237322602906,0.9754299541958344,Nucleus,Inference
03Asc-0055 -Col 60x veh-Zstack Cell3_segmentation.nii.gz,60509.0,2.4259619473541423,13.03387257992098,0.4847571802586281,0.9612231930103255,Nucleus,Inference
03Asc-0055 -Col 60x veh-Zstack Cell4_segmentation.nii.gz,106870.0,2.676184076166696,10.74597511533651,0.6740021768780251,0.9785913119917956,Nucleus,Inference
03Asc-0055 -Col 60x veh-Zstack Cell5_segmentation.nii.gz,63241.0,0.2508912167140531,23.67475852873628,0.713469468024377,0.6243717972768831,Nucleus,Inference
03Asc-0056 +Col 60x veh-Zstack Cell2_segmentation.nii.gz,188314.0,3.156417879350337,23.3898402629709,0.4664003792249164,0.9592685038968978,Nucleus,Inference
03Asc-0056 +Col 60x veh-Zstack Cell3_segmentation.nii.gz,46280.0,1.7637943672119034,11.245292064297637,0.3718253199525643,0.9339834503409068,Nucleus,Inference
03Asc-0056 +Col 60x veh-Zstack Cell4_segmentation.nii.gz,0.0,0.0,0.0,,,Nucleus,Inference
03Asc-0056 +Col 60x veh-Zstack Cell5_segmentation.nii.gz,92348.0,1.293090638397372,14.0471901734611,0.6793311270136941,0.9341806994818652,Nucleus,Inference
03Asc-0056 +Col 60x veh-Zstack Cell6_segmentation.nii.gz,104355.0,3.056963154889364,18.111157611399904,0.6100648190386955,0.981185828726165,Nucleus,Inference
03Asc-0056 -Col 60x veh-Zstack Cell1_segmentation.nii.gz,93380.0,2.4527211054438776,17.011292094674364,0.4337934663050483,0.9685014053538276,Nucleus,Inference
03Asc-0056 -Col 60x veh-Zstack Cell2_segmentation.nii.gz,97290.0,1.689515684622468,9.333661267250198,0.6378224259456197,0.9572346598279088,Nucleus,Inference
03Asc-0056 -Col 60x veh-Zstack Cell3_segmentation.nii.gz,51417.0,2.546179577967503,10.666559657358729,0.606853309095418,0.972315198275373,Nucleus,Inference
03Asc-0056 -Col 60x veh-Zstack Cell4_segmentation.nii.gz,108747.0,3.1980198408657574,14.549631309093677,0.6816571681527521,0.9859738517054418,Nucleus,Inference
03Asc-0056 -Col 60x veh-Zstack Cell5_segmentation.nii.gz,62196.0,1.8150839096351752,7.402131735158415,0.5099779557522526,0.963141947012664,Nucleus,Inference
03Asc-0057 +Col 60x veh-Zstack Cell1_segmentation.nii.gz,10601.0,0.9243711545499734,9.455150940387556,0.2925463951408211,0.8909360810338806,Nucleus,Inference
03Asc-0057 +Col 60x veh-Zstack Cell2_segmentation.nii.gz,39886.0,1.7305142447208068,16.325476778267923,0.3146956668239763,0.9162876177348954,Nucleus,Inference
03Asc-0057 +Col 60x veh-Zstack Cell3_segmentation.nii.gz,33948.0,0.3252695279895994,16.89842026565616,0.6092012910911495,0.680921052631579,Nucleus,Inference
03Asc-0057 +Col 60x veh-Zstack Cell4_segmentation.nii.gz,22555.0,0.4719219255582129,11.658335500358165,0.3257131922156698,0.5406786711832174,Nucleus,Inference
03Asc-0057 +Col 60x veh-Zstack Cell5_segmentation.nii.gz,96492.0,0.6011734226132547,17.70227738079752,0.5349133327064982,0.860964380041402,Nucleus,Inference
03Asc-0057 -Col 60x veh-Zstack Cell1_segmentation.nii.gz,147172.0,2.768298885646846,12.991944931440631,0.6349727264425581,0.977425931952368,Nucleus,Inference
03Asc-0057 -Col 60x veh-Zstack Cell2_segmentation.nii.gz,20043.0,1.2501205284223715,7.449348367733034,0.348531791515268,0.9155080213903743,Nucleus,Inference
03Asc-0057 -Col 60x veh-Zstack Cell3_segmentation.nii.gz,95196.0,2.219709765750108,10.172168498097056,0.6818654451948756,0.9750791260793412,Nucleus,Inference
03Asc-0057 -Col 60x veh-Zstack Cell4_segmentation.nii.gz,21109.0,1.513018463015718,9.26866262337752,0.3419176546943341,0.8639544877829165,Nucleus,Inference
03Asc-024 +coll 60x veh 48h-Zstack cell4_segmentation.nii.gz,171288.0,1.7682118253857046,9.776489902695875,0.6724170959928889,0.9677111970296054,Nucleus,Inference
03Asc46 +coll 60x veh 48h-Zstack cell1_segmentation.nii.gz,151298.0,2.203903662566141,13.41704349716185,0.6170057178645381,0.9670631699381916,Nucleus,Inference
03Asc46 +coll 60x veh 48h-Zstack cell2_segmentation.nii.gz,74249.0,2.6741026142079427,12.877380108369644,0.6012102594956347,0.975920400625649,Nucleus,Inference
03Asc46 +coll 60x veh 48h-Zstack cell3_segmentation.nii.gz,99162.0,2.8013257256828323,14.46156826207613,0.6269072681339938,0.9825705254605088,Nucleus,Inference
03Asc46 +coll 60x veh 48h-Zstack cell4_segmentation.nii.gz,68117.0,2.7075813072968185,13.391957334686904,0.5074831249870302,0.9795933041877588,Nucleus,Inference
03Asc46 +coll 60x veh 48h-Zstack cell5_segmentation.nii.gz,53928.0,2.5071479691557728,7.773334051588985,0.8660853945527389,0.9716581683212916,Nucleus,Inference
03Asc46 -coll 60x veh 48h-Zstack cell1_segmentation.nii.gz,186778.0,1.5003821823306454,13.13507884054135,0.6483072852190436,0.9528323062482144,Nucleus,Inference
03Asc46 -coll 60x veh 48h-Zstack cell2_segmentation.nii.gz,81854.0,1.986855587005132,8.948854337271237,0.5936936869670194,0.9701214814814816,Nucleus,Inference
03Asc46 -coll 60x veh 48h-Zstack cell3_segmentation.nii.gz,102785.0,2.3383307427474858,10.70849746926026,0.6587861310735379,0.9746626587139782,Nucleus,Inference
03Asc46 -coll 60x veh 48h-Zstack cell4_segmentation.nii.gz,152167.0,2.605038688082112,10.897082115494776,0.71896273277571,0.9818112603719046,Nucleus,Inference
03Asc46 -coll 60x veh 48h-Zstack cell5_segmentation.nii.gz,126166.0,2.3085420387062032,10.442078780696022,0.6553328153939507,0.9765926155275176,Nucleus,Inference
03Asc47 +coll 60x veh 48h-Zstack cell1_segmentation.nii.gz,103496.0,2.7536050120051927,12.522132724452192,0.6416509968946418,0.9821216750965562,Nucleus,Inference
03Asc47 +coll 60x veh 48h-Zstack cell2_segmentation.nii.gz,76154.0,1.3829943110751368,9.084666204524726,0.5561296441907013,0.9373099789515146,Nucleus,Inference
03Asc47 +coll 60x veh 48h-Zstack cell3_segmentation.nii.gz,90827.0,1.9053559359502212,10.45171369407779,0.6385583110035253,0.9250504145193816,Nucleus,Inference
03Asc47 +coll 60x veh 48h-Zstack cell4_segmentation.nii.gz,150491.0,2.331765102478813,14.32830868549987,0.5318667914966337,0.9817785882013408,Nucleus,Inference
03Asc47 +coll 60x veh 48h-Zstack cell5_segmentation.nii.gz,91804.0,1.844886857973164,11.259367239747696,0.7114707354043236,0.9614515332134936,Nucleus,Inference
03Asc47 -coll 60x veh 48h-Zstack cell1_segmentation.nii.gz,97649.0,0.7858269842137123,11.905911739015917,0.5537373182363245,0.8545798253137527,Nucleus,Inference
03Asc47 -coll 60x veh 48h-Zstack cell2_segmentation.nii.gz,46332.0,2.4702139543138126,13.821368126714685,0.7029618662599775,0.9720706731576296,Nucleus,Inference
03Asc47 -coll 60x veh 48h-Zstack cell3_segmentation.nii.gz,108018.0,0.7852756365085237,15.87964875382559,0.518373185595073,0.8972204910881216,Nucleus,Inference
03Asc47 -coll 60x veh 48h-Zstack cell4_segmentation.nii.gz,91675.0,0.9155337754474032,13.529671282799262,0.5228310431906241,0.9063419483101391,Nucleus,Inference
03Asc47 -coll 60x veh 48h-Zstack cell5_segmentation.nii.gz,47549.0,0.4893090104819816,13.370521907171367,0.6658167841298394,0.7851876788419458,Nucleus,Inference
