Cell_ID,Actual,RF_Predicted,NN_Predicted
03Asc-0043 -coll 60x veh 48h-Zstack cell3,1,1,1
01ASC-0180 -coll 60x DMSO48H-Zstack cell5,0,0,0
03Asc-0043 -coll 60x veh 48h-Zstack cell2,1,1,1
03Asc-0056 +Col 60x veh-Zstack Cell3,1,1,1
03Asc-0055 -Col 60x veh-Zstack Cell4,1,1,1
03Asc24- DMSO low-cell-2,1,1,1
01C-0096 -coll 60x vehicleZstack cell4,0,0,0
03Asc-0051 +Col 60x veh-Zstack Cell4,1,1,1
01C-222 +Col 60x veh-Zstack Cell2,0,0,1
03Asc46 -coll 60x veh 48h-Zstack cell3,1,1,1
03Asc-0051 +Col 60x veh-Zstack Cell5,1,1,1
03Asc-0056 -Col 60x veh-Zstack Cell1,1,0,1
01C-222 -Col 60x veh-Zstack Cell4,0,1,1
03Asc-0051 +Col 60x veh-Zstack Cell2,1,1,0
01C-0113 +coll veh60x Zstack cell4,0,0,0
01ASC-0180 +coll 60x DMSO48h-Zstack cell2,0,0,0
03Asc-0043 +coll 60x veh 48h-Zstack cell1,1,1,1
01C-0097 -coll 60x VehicleZstack cell3,0,0,0
01C-0097 -coll 60x VehicleZstack cell5,0,0,0
03Asc-0054 -Col 60x veh-Zstack Cell3,1,1,1
03Rt-0045 -coll 60x veh 48h-Zstack cell2,1,1,1
03Asc-0043 +coll 60x veh 48h-Zstack cell3,1,1,1
03Asc-0055 +Col 60x veh-Zstack Cell3,1,1,1
01ASC-0180 +coll 60x DMSO48h-Zstack cell10,0,0,1
03Asc46 +coll 60x veh 48h-Zstack cell3,1,1,1
01Asc-230 +Col 60x veh-Zstack Cell4,0,1,1
01C-202 +coll 60x veh 48h-Zstack cell5,0,1,1
01C-0097 +coll 60x VehicleZstack cell2,0,0,0
01C-0097 +coll 60x VehicleZstack cell3,0,0,0
01Asc-230 -Col 60x veh-Zstack Cell5,0,0,0
01C-0083 +coll 60x vehicleZstack cell3,0,0,0
01C-0117 -coll 60x VehicleZstack cell5,0,0,0
01C-202 -coll 60x Veh24h-Zstack cell3,0,0,0
01C-0117 -coll 60x VehicleZstack cell1,0,0,1
01C-0083 -coll 60x vehicleZstack cell3,0,0,0
03Asc-0055 -Col 60x veh-Zstack Cell3,1,1,1
01Asc-230 +Col 60x veh-Zstack Cell1,0,0,0
03Rt-0045 +coll 60x veh 48h-Zstack cell5,1,1,1
03Rt-0045 -coll 60x veh 48h-Zstack cell3,1,1,1
01C-222 +Col 60x veh-Zstack Cell3,0,1,1
03Asc-0057 +Col 60x veh-Zstack Cell2,1,1,1
01C-222 +Col 60x veh-Zstack Cell5,0,1,0
03Asc-0055 +Col 60x veh-Zstack Cell2,1,0,0
03Asc47 +coll 60x veh 48h-Zstack cell1,1,1,1
01Asc-230 +Col 60x veh-Zstack Cell2,0,1,1
01C-0113 +coll veh60x Zstack cell1,0,0,0
03Asc-0043 +coll 60x veh 48h-Zstack cell5,1,1,1
03Asc-0056 -Col 60x veh-Zstack Cell4,1,1,1
01C-0117 +coll 60x VehicleZstack cell2,0,0,0
01C-0096 +coll 60x vehicleZstack cell2,0,0,0
01C-202 -coll 60x Veh24h-Zstack cell2,0,0,0
01C-0117 +coll 60x VehicleZstack cell5,0,0,0
03Rt-0045 -coll 60x veh 48h-Zstack cell1,1,1,1
03Asc-0043 -coll 60x veh 48h-Zstack cell4,1,1,1
03Asc46 +coll 60x veh 48h-Zstack cell2,1,1,1
01C-202 +coll 60x veh 48h-Zstack cell3,0,1,0
03Asc-0057 +Col 60x veh-Zstack Cell3,1,1,1
03Asc24- DMSO low-cell-5,1,1,1
01C-0097 -coll 60x VehicleZstack cell4,0,0,0
03Asc-0055 -Col 60x veh-Zstack Cell5,1,1,0
