classifier,patient,disease,n_cells,bal_acc,auc
Logistic Regression,01asc-180,Healthy,10,0.9,
Logistic Regression,01asc-230,Healthy,5,0.2,
Logistic Regression,01asc-231,Healthy,5,0.0,
Logistic Regression,01asc-232,Healthy,5,0.0,
Logistic Regression,01c-113,Healthy,5,1.0,
Logistic Regression,01c-117,Healthy,5,1.0,
Logistic Regression,01c-202,Healthy,5,0.6,
Logistic Regression,01c-222,Healthy,5,0.0,
Logistic Regression,01c-96,Healthy,5,1.0,
Logistic Regression,01c-97,Healthy,5,0.4,
Logistic Regression,02asc-17,BAV,5,1.0,
Logistic Regression,02asc-21,BAV,6,0.8333333333333334,
Logistic Regression,02asc-29,BAV,5,0.8,
Logistic Regression,02asc-47,TAA,5,1.0,
Logistic Regression,02asc-49,BAV,6,0.8333333333333334,
Logistic Regression,02asc-77,BAV,6,0.5,
Logistic Regression,03asc-24,TAA,10,0.8,
Logistic Regression,03asc-43,TAA,5,1.0,
Logistic Regression,03asc-46,TAA,5,1.0,
Logistic Regression,03asc-47,TAA,5,0.2,
Logistic Regression,03asc-51,TAA,5,1.0,
Logistic Regression,03asc-54,TAA,5,0.8,
Logistic Regression,03asc-55,TAA,5,0.6,
Logistic Regression,03asc-56,TAA,5,1.0,
Logistic Regression,03asc-57,TAA,5,0.4,
Logistic Regression,03rt-45,TAA,5,1.0,
Random Forest,01asc-180,Healthy,10,0.3,
Random Forest,01asc-230,Healthy,5,0.0,
Random Forest,01asc-231,Healthy,5,0.0,
Random Forest,01asc-232,Healthy,5,0.0,
Random Forest,01c-113,Healthy,5,1.0,
Random Forest,01c-117,Healthy,5,0.6,
Random Forest,01c-202,Healthy,5,0.8,
Random Forest,01c-222,Healthy,5,0.0,
Random Forest,01c-96,Healthy,5,1.0,
Random Forest,01c-97,Healthy,5,0.8,
Random Forest,02asc-17,BAV,5,0.4,
Random Forest,02asc-21,BAV,6,0.8333333333333334,
Random Forest,02asc-29,BAV,5,0.8,
Random Forest,02asc-47,TAA,5,1.0,
Random Forest,02asc-49,BAV,6,0.6666666666666666,
Random Forest,02asc-77,BAV,6,0.6666666666666666,
Random Forest,03asc-24,TAA,10,0.7,
Random Forest,03asc-43,TAA,5,1.0,
Random Forest,03asc-46,TAA,5,1.0,
Random Forest,03asc-47,TAA,5,0.8,
Random Forest,03asc-51,TAA,5,1.0,
Random Forest,03asc-54,TAA,5,0.8,
Random Forest,03asc-55,TAA,5,0.6,
Random Forest,03asc-56,TAA,5,0.6,
Random Forest,03asc-57,TAA,5,0.4,
Random Forest,03rt-45,TAA,5,1.0,
SVM (RBF),01asc-180,Healthy,10,0.2,
SVM (RBF),01asc-230,Healthy,5,0.2,
SVM (RBF),01asc-231,Healthy,5,0.0,
SVM (RBF),01asc-232,Healthy,5,0.0,
SVM (RBF),01c-113,Healthy,5,0.8,
SVM (RBF),01c-117,Healthy,5,0.6,
SVM (RBF),01c-202,Healthy,5,0.6,
SVM (RBF),01c-222,Healthy,5,0.0,
SVM (RBF),01c-96,Healthy,5,0.8,
SVM (RBF),01c-97,Healthy,5,0.0,
SVM (RBF),02asc-17,BAV,5,0.8,
SVM (RBF),02asc-21,BAV,6,1.0,
SVM (RBF),02asc-29,BAV,5,1.0,
SVM (RBF),02asc-47,TAA,5,1.0,
SVM (RBF),02asc-49,BAV,6,0.8333333333333334,
SVM (RBF),02asc-77,BAV,6,1.0,
SVM (RBF),03asc-24,TAA,10,1.0,
SVM (RBF),03asc-43,TAA,5,1.0,
SVM (RBF),03asc-46,TAA,5,1.0,
SVM (RBF),03asc-47,TAA,5,1.0,
SVM (RBF),03asc-51,TAA,5,1.0,
SVM (RBF),03asc-54,TAA,5,1.0,
SVM (RBF),03asc-55,TAA,5,0.8,
SVM (RBF),03asc-56,TAA,5,1.0,
SVM (RBF),03asc-57,TAA,5,0.8,
SVM (RBF),03rt-45,TAA,5,1.0,
