Feature,Mean_TAA_NoCollagen,Mean_TAA_Collagen,Mean_NonAneurysmal,Cohens_d,Test_used,p_value,Moves_toward_healthy,p_FDR,Significant
Mito_Fragment_Count,138.48888888888888,197.9111111111111,111.65,0.5591353339442752,Mann-Whitney,0.011672435729954052,False,0.17050093729807891,False
Nucleus_Sphericity,0.5765850842004713,0.5314314863473893,0.5192200598883163,-0.48756834255754733,Mann-Whitney,0.020763876328695065,True,0.17050093729807891,False
Mito_Mean_Fragment_Volume,85.1000921780773,41.689855219711006,48.015403569653564,-0.30794839624535203,Mann-Whitney,0.024357276756868416,True,0.17050093729807891,False
Actin_Solidity,0.30470327255967483,0.34708464408274114,0.3906369190699806,0.4233376945957661,T-test,0.0479310832971676,True,0.20268453488058974,False
Mito_Sphericity,0.12624438650768322,0.11739432448263112,0.15051646940473917,-0.39983750899712905,Mann-Whitney,0.055809657558375456,False,0.20268453488058974,False
Actin_Minor_Axis,1.2867138397174986,1.2072118953637603,1.4040727545936238,-0.3251776600188125,Mann-Whitney,0.057909867108739924,False,0.20268453488058974,False
Nucleus_Elongation,6.74292538092757,7.6134819765662956,6.719729583440423,0.3842913749881562,T-test,0.07565596870633708,False,0.22696790611901124,False
Mito_Volume,7220.709572176425,5879.388585668972,3353.7081500589834,-0.18448265402853023,Mann-Whitney,0.18569213105355287,True,0.4489359368065401,False
Mito_Cyclomatic_Number,70.02222222222223,63.82222222222222,32.1,-0.13318029326913391,Mann-Whitney,0.19240111577423147,True,0.4489359368065401,False
Mito_Junction_Count,272.1777777777778,258.1777777777778,131.35,-0.07896958160051552,Mann-Whitney,0.2518219679686666,True,0.5288261327342,False
Mito_Mean_Tortuosity,1.3755943989264034,1.3912569917864024,1.3816199555893964,0.19693144616691335,T-test,0.35280513828283266,False,0.6735370821763169,False
Nucleus_Flatness,0.5920723701135042,0.6142728083648707,0.609859609630212,0.1865259595199171,T-test,0.38570511120398476,True,0.6749839446069734,False
Nucleus_Circularity,0.7542718673545276,0.7793384079685579,0.7215310728513729,0.2609531184712046,Mann-Whitney,0.5779614624377551,False,0.8010233598866826,False
Nucleus_Volume,880.0315517548677,909.8392097478381,817.4543669458614,0.06879367028477013,Mann-Whitney,0.6282768931289808,False,0.8010233598866826,False
Actin_Major_Axis,82.86039963675118,85.07642586613305,82.98668883366649,0.09918609664546493,T-test,0.6392286137297267,False,0.8010233598866826,False
Nucleus_Solidity,0.9453100707665868,0.9548087454760816,0.9147585217090277,0.16127876992213538,Mann-Whitney,0.661787079767117,False,0.8010233598866826,False
Mito_Branch_Count,845.7333333333333,873.4,419.4125,0.04832181548375171,Mann-Whitney,0.6836225070296833,False,0.8010233598866826,False
Mito_Total_Network_Length,2725.042677723677,2730.2624729738704,1402.629628738989,0.0030835495580956254,Mann-Whitney,0.6865914513314422,False,0.8010233598866826,False
Actin_Fractional_Anisotropy,0.8915992587040699,0.8850578970095997,0.9238343421301479,-0.09180328437280097,Mann-Whitney,0.7407519611350468,False,0.8187258517808412,False
Actin_Volume,10898.810062368726,11420.46605277332,10075.290558527257,0.08620531759789539,Mann-Whitney,0.8908846402636479,False,0.9354288722768304,False
Actin_Skeleton_Length,5478.028945045874,5635.771717873026,3585.868847485218,0.06222296560301902,Mann-Whitney,1.0,False,1.0,False
