Feature,Mean_g1,Mean_g2,Cohens_d,Test_used,p_value,p_FDR,Significant
Actin_Minor_Axis,0.08966456229485639,-0.0717316498358852,-0.6299959772385182,Mann-Whitney,5.1440424168879005e-05,0.0010802489075464592,True
Mito_Branch_Count,-163.7839028308246,131.0271222646595,0.695381254428439,Mann-Whitney,0.00015334988051729078,0.0016101737454315532,True
Mito_Total_Network_Length,-475.418050753064,380.33444060245193,0.678482621326302,Mann-Whitney,0.0002604954106568183,0.0016165691759373747,True
Mito_Junction_Count,-49.98541271624359,39.98833017299481,0.6754404932023008,Mann-Whitney,0.00030791793827378565,0.0016165691759373747,True
Actin_Skeleton_Length,-619.5733565419828,495.65868523358745,0.5144311684651259,Mann-Whitney,0.00046676162533768246,0.0018684072262812376,True
Mito_Cyclomatic_Number,-13.205413614917996,10.5643308919344,0.6739479499836317,Mann-Whitney,0.0005338306360803535,0.0018684072262812376,True
Actin_Solidity,0.030530032464708957,-0.024424025971767162,-0.4459112503869095,T-test,0.00391278025531079,0.010337313376987109,True
Mito_Sphericity,0.008231546090775104,-0.006585236872620084,-0.42899187886011075,Mann-Whitney,0.003938024143614136,0.010337313376987109,True
Actin_Fractional_Anisotropy,0.01293381870523209,-0.010347054964185696,-0.33441244333556497,Mann-Whitney,0.006662947192139125,0.015546876781657958,True
Nucleus_Solidity,-0.01764934819376687,0.013464451199368276,0.32553441818103124,Mann-Whitney,0.009707589376979927,0.02038593769165785,True
Mito_Fragment_Count,-12.68559065378568,10.14847252302851,0.24058366600487638,Mann-Whitney,0.11767399465026532,0.21433553389038426,False
Mito_Volume,-1073.0090285092153,858.4072228073724,0.35892497118523264,Mann-Whitney,0.12247744793736243,0.21433553389038426,False
Nucleus_Volume,-36.8921899821821,29.36317161847122,0.1449630475768523,Mann-Whitney,0.1584967751745211,0.2560332522049956,False
Nucleus_Elongation,-0.19627307890082638,0.15621734851290034,0.13568829393725815,Mann-Whitney,0.30913822923484136,0.4554285122009818,False
Nucleus_Circularity,-0.014045850999733886,0.010715391484333148,0.18859331641360894,Mann-Whitney,0.32530608014355844,0.4554285122009818,False
Nucleus_Flatness,0.004765194338243757,-0.0036353028972168065,-0.06688652348134501,Mann-Whitney,0.43849849033101085,0.5529137582354903,False
Actin_Volume,223.67905644119182,-178.9432451529521,-0.07282725355165888,Mann-Whitney,0.45503957418405616,0.5529137582354903,False
Actin_Major_Axis,1.2760354297714969,-1.0208283438172236,-0.10750617605416922,T-test,0.4739260784875631,0.5529137582354903,False
Mito_Mean_Fragment_Volume,-7.716803398143246,6.173442718514589,0.13551100425476756,Mann-Whitney,0.7460431517586241,0.8202234566520971,False
Mito_Mean_Tortuosity,0.0011131237790985877,-0.0008904990232787035,-0.026700199289008974,Mann-Whitney,0.781165196811521,0.8202234566520971,False
Nucleus_Sphericity,-0.010707993792331349,0.00852268893675341,0.1537713155492674,Mann-Whitney,0.8687186370793891,0.8687186370793891,False
