Task,Model,Pat_Acc,Pat_F1,Pat_AUC
3-class (H/TAA/BAV),Random Forest,0.6923076923076923,0.6666666666666666,0.7649440836940838
3-class (H/TAA/BAV),Logistic Regression,0.6538461538461539,0.6392673992673993,0.7803661616161617
Healthy vs TAA,Random Forest,0.6666666666666666,0.6636155606407322,0.7727272727272727
Healthy vs TAA,Gradient Boosting,0.7142857142857143,0.7083333333333333,0.7545454545454545
Healthy vs TAA,Logistic Regression,0.6666666666666666,0.6636155606407322,0.6636363636363636
Healthy vs BAV,Random Forest,0.7333333333333333,0.7,0.8200000000000001
Healthy vs BAV,Gradient Boosting,0.6666666666666666,0.6031746031746031,0.8200000000000001
Healthy vs BAV,Logistic Regression,0.8666666666666667,0.8611111111111112,0.8
TAA vs BAV,Random Forest,0.875,0.8666666666666667,0.8363636363636363
TAA vs BAV,Gradient Boosting,0.75,0.7090909090909091,0.8909090909090909
TAA vs BAV,Logistic Regression,0.875,0.8666666666666667,0.8181818181818181
