Feature,Overall_d,Overall_FDR,Overall_sig,AgeCorr_d,AgeCorr_FDR,AgeCorr_sig,TAV_NA_d,TAV_NA_FDR,TAV_NA_sig,TAV_ATAA_d,TAV_ATAA_FDR,TAV_ATAA_sig,BAV_ATAA_d,BAV_ATAA_FDR,BAV_ATAA_sig
Actin_Volume,0.5582233582145527,0.4654484435272398,False,0.6548868212221604,0.47146767444027454,False,1.3259429536927718,0.25925925925925924,False,0.39422847646113135,0.9307359307359306,False,-0.6198416181150299,1.0,False
Actin_Skeleton_Length,0.5043734802745427,0.5141062184269152,False,0.7709442478264495,0.47146767444027454,False,1.4121206645603248,0.21996227464567303,False,-0.3808336584303798,0.9307359307359306,False,0.4385186861811251,1.0,False
Actin_Solidity,-0.20944087883241172,0.6696249558414397,False,0.061465223344989044,0.9232771592834391,False,-0.1130918329393915,0.9500000000000002,False,-0.4502119624621326,0.8858780652354273,False,-0.14118065003190217,1.0,False
Actin_Fractional_Anisotropy,-0.6378024339498899,0.4654484435272398,False,0.16835673484631872,0.5541929141212557,False,-1.5580738320189684,0.21996227464567303,False,-0.12713028188309536,0.9307359307359306,False,0.0830567003262929,1.0,False
Actin_Major_Axis,0.586059214746109,0.4654484435272398,False,0.6429960522444507,0.47146767444027454,False,0.6993190000680354,0.4645866671690189,False,0.4413447927801856,0.8858780652354273,False,0.40867293987769876,1.0,False
Actin_Minor_Axis,-0.5571442809313002,0.4654484435272398,False,-0.015670436572609636,0.7953295421811226,False,-1.7715765439989521,0.21996227464567303,False,0.8759958385357132,0.8858780652354273,False,-2.7067542991001807,1.0,False
Mito_Volume,0.26105451177951206,0.5561381910981884,False,0.3148299613119077,0.47146767444027454,False,0.7225978044794177,0.46153846153846156,False,1.0468283395815554,0.8858780652354273,False,-1.0630781635719946,1.0,False
Mito_Sphericity,-0.35207023996306214,0.6045727643329192,False,0.023964220764490365,0.5541929141212557,False,-1.0680879107633385,0.2966050806094735,False,0.36753101965641766,0.902802902155211,False,-0.032576131673901415,1.0,False
Mito_Fragment_Count,0.8799550110737376,0.4654484435272398,False,1.0249990694168098,0.27989490439716846,False,1.5499387479237061,0.21996227464567303,False,0.22267675984201254,0.9307359307359306,False,0.7226534934824788,1.0,False
Mito_Mean_Fragment_Volume,0.0807704181889758,0.6760301108539541,False,0.14668324251030418,1.0,False,-0.8009184438486521,0.46153846153846156,False,0.9018375052356239,0.8858780652354273,False,-1.544382217411487,1.0,False
Mito_Branch_Count,0.3891948217413644,0.6625676296689561,False,0.5021928324208863,0.5541929141212557,False,0.9347144562779719,0.21996227464567303,False,0.4875071391993612,0.9307359307359306,False,-0.5611326441362836,1.0,False
Mito_Total_Network_Length,0.39550387601700987,0.6045727643329192,False,0.5042748928885469,0.5479653617563356,False,0.9598023861748984,0.21996227464567303,False,0.5708025629573473,0.8858780652354273,False,-0.6483954627830587,1.0,False
Mito_Mean_Tortuosity,-0.3770706001038257,0.6045727643329192,False,0.3232296553990965,0.8453246490138143,False,-0.43302576468871423,0.6290286971525505,False,-0.4584862990972585,0.8858780652354273,False,0.2790907805726253,1.0,False
Mito_Junction_Count,0.3663540684545049,0.6625676296689561,False,0.4694743537012167,0.5541929141212557,False,0.9465333184422537,0.25925925925925924,False,0.49041017653073177,0.8858780652354273,False,-0.6411124869568371,1.0,False
Mito_Cyclomatic_Number,0.28836505710965776,0.6625676296689561,False,0.39405591818141805,0.5541929141212557,False,1.083399459349136,0.2966050806094735,False,0.3143486990190329,0.9307359307359306,False,-0.710789950827234,1.0,False
Nucleus_Volume,0.3825894267567007,0.4654484435272398,False,0.42051913510988026,0.5541929141212557,False,0.8663837113603284,0.5416666666666666,False,0.600553133263687,0.8858780652354273,False,-0.7503725286902864,1.0,False
Nucleus_Sphericity,-0.5738376174776315,0.4654484435272398,False,0.05222222923604847,0.7953295421811226,False,-0.476509104864898,0.6182257300970879,False,-0.6330669472686851,0.8858780652354273,False,-0.4967760122912827,1.0,False
Nucleus_Circularity,0.24583059588509915,0.6625676296689561,False,0.46001663500905243,0.6478695588061041,False,0.02341835126847427,0.9731261220757779,False,0.09637050457852069,0.9307359307359306,False,4.26037005252794,1.0,False
Nucleus_Elongation,0.6999686050459764,0.4654484435272398,False,0.7069602047571497,0.47146767444027454,False,1.8591499326462806,0.21996227464567303,False,0.06801547670807907,0.9307359307359306,False,0.43403783188931855,1.0,False
Nucleus_Flatness,0.3410362999283504,0.6045727643329192,False,0.5138315583228572,0.5541929141212557,False,-0.726642632554404,0.4645866671690189,False,0.6691431119873861,0.8858780652354273,False,1.6006352350336512,1.0,False
Nucleus_Solidity,0.10895167886608384,0.9783030753359443,False,0.41881211478847713,0.8453246490138143,False,0.27715608298239175,0.9500000000000002,False,0.4192087734056339,0.8858780652354273,False,-2.673786747138505,1.0,False
