Feature,TAA_NoCollagen_Mean,TAA_NoCollagen_SD,TAA_NoCollagen_N,TAA_Collagen_Mean,TAA_Collagen_SD,TAA_Collagen_N,Mean_Difference,Cohens_d,U_statistic,p_value,p_adjusted_FDR,Significant,Comparison,Group1,Group2
Actin_Solidity_ratio,0.17936690148907397,0.07008313453526696,55,0.21765713884813723,0.08428089695165789,45,0.038290237359063256,0.4986807173426029,872.0,0.011441389803176353,0.2046766507857257,False,Collagen Effect (TAA),TAA_NoCollagen,TAA_Collagen
Actin_Extent_ratio,0.07794902013351038,0.026398493069647266,55,0.09988701256422922,0.043891233625176725,45,0.02193799243071884,0.6207664293742261,885.0,0.014734103873250883,0.2046766507857257,False,Collagen Effect (TAA),TAA_NoCollagen,TAA_Collagen
Mito_Mean_Fragment_Volume_µm³,44.29834864064848,68.04669230338871,55,23.574844133645662,23.167471171891485,45,-20.723504507002815,-0.3921699998231904,1576.0,0.019188436011161783,0.2046766507857257,False,Collagen Effect (TAA),TAA_NoCollagen,TAA_Collagen
Mito_Fragment_Count_n,398.8909090909091,385.6084500729682,55,663.7111111111111,745.6560449521866,45,264.82020202020203,0.45990194346055424,947.5,0.04487276441516035,0.3589821153212828,False,Collagen Effect (TAA),TAA_NoCollagen,TAA_Collagen
Mito_Mean_Tortuosity_ratio,1.35320277149932,0.05109631657121574,55,1.330718362444604,0.05379802434126853,45,-0.022484409054716048,-0.4296937882102687,1503.0,0.06634794608557186,0.4246268549476599,False,Collagen Effect (TAA),TAA_NoCollagen,TAA_Collagen
Mito_Mean_Branch_Length_µm,1.1935875684767598,0.27405049205167836,55,1.3351807698147375,0.4162991657189,45,0.1415932013379777,0.4101239112721142,1014.0,0.12233016073024355,0.6151962577765394,False,Collagen Effect (TAA),TAA_NoCollagen,TAA_Collagen
Mito_Junction_Count_n,23423.4,29633.306423309867,55,18308.066666666666,23350.957576627443,45,-5115.333333333336,-0.18949799872672907,1441.0,0.15957701550313363,0.6151962577765394,False,Collagen Effect (TAA),TAA_NoCollagen,TAA_Collagen
Mito_Cyclomatic_Number_n,-5017.527272727273,5927.675572964203,55,-3853.3555555555554,5042.586570922956,45,1164.1717171717178,0.20984448379950515,1041.0,0.17446503761250964,0.6151962577765394,False,Collagen Effect (TAA),TAA_NoCollagen,TAA_Collagen
Mito_Branch_Count_n,19980.50909090909,25767.004275402673,55,16207.288888888888,19757.60520041727,45,-3773.220202020202,-0.16220711640584945,1419.5,0.20855977905340972,0.6151962577765394,False,Collagen Effect (TAA),TAA_NoCollagen,TAA_Collagen
Actin_Volume_µm³,7603.357470778904,4189.729104543497,55,8863.341680635154,5664.291001876533,45,1259.9842098562503,0.2567780565967905,1060.0,0.22006575521993044,0.6151962577765394,False,Collagen Effect (TAA),TAA_NoCollagen,TAA_Collagen
Mito_Total_Network_Length_µm,20937.721286602955,25939.175182874904,55,17416.97837519064,19766.142680267516,45,-3520.742911412315,-0.15065105356816128,1402.0,0.255838500811599,0.6151962577765394,False,Collagen Effect (TAA),TAA_NoCollagen,TAA_Collagen
Actin_Major_Axis_µm,141.8883290056635,26.417444791785616,55,147.05223000151318,27.70900226117021,45,5.163900995849673,0.19122039527301332,1082.0,0.2828562085641567,0.6151962577765394,False,Collagen Effect (TAA),TAA_NoCollagen,TAA_Collagen
Actin_Intermediate_Axis_µm,42.88494758566812,16.16763114912135,55,45.210996582189715,13.22366859474212,45,2.3260489965215925,0.15592344093806856,1089.0,0.3051625316712857,0.6151962577765394,False,Collagen Effect (TAA),TAA_NoCollagen,TAA_Collagen
Mito_Volume_µm³,5556.070029948998,5440.057220926685,55,4960.213744020011,4604.052242666323,45,-595.8562859289868,-0.11725417152173079,1379.0,0.3286060349659602,0.6151962577765394,False,Collagen Effect (TAA),TAA_NoCollagen,TAA_Collagen
Nucleus_Flatness_ratio,0.39860667340024913,0.12501146391547582,55,0.42375928769510546,0.15447234397729306,44,0.025152614294856324,0.18115614153549242,1074.0,0.3400015144763363,0.6151962577765394,False,Collagen Effect (TAA),TAA_NoCollagen,TAA_Collagen
Mito_Min_Fragment_Sphericity_ratio,0.08883450225433256,0.03008299674291259,55,0.09719796320675334,0.039336564592524964,45,0.00836346095242077,0.24209885118315158,1100.0,0.34251315331727006,0.6151962577765394,False,Collagen Effect (TAA),TAA_NoCollagen,TAA_Collagen
Nucleus_Elongation_ratio,22.687121609422473,10.123991335203204,55,25.521709241209646,12.438454627138565,44,2.8345876317871728,0.252882383060772,1075.0,0.343577393567701,0.6151962577765394,False,Collagen Effect (TAA),TAA_NoCollagen,TAA_Collagen
Mito_Sphericity_ratio,0.0755044238029232,0.019618307639520143,55,0.07198962081023158,0.017915865467354727,45,-0.0035148029926916208,-0.1862349379043854,1374.0,0.34604789499930344,0.6151962577765394,False,Collagen Effect (TAA),TAA_NoCollagen,TAA_Collagen
Mito_Mean_Fragment_Sphericity_ratio,0.6301911937890237,0.07791963562972601,55,0.6175893782525328,0.06269365160800412,45,-0.012601815536490868,-0.17628425391627087,1356.0,0.4136034143902061,0.6965952242361366,False,Collagen Effect (TAA),TAA_NoCollagen,TAA_Collagen
Actin_Minor_Axis_µm,0.6255675228704237,0.14752231405947533,55,0.600707732367899,0.17564369591704704,45,-0.024859790502524737,-0.15464117162086372,1343.0,0.4669211146129324,0.7470737833806919,False,Collagen Effect (TAA),TAA_NoCollagen,TAA_Collagen
Mito_Surface_Area_µm²,24016.71606948403,28630.563862874536,55,22094.875360774535,21491.7244212686,45,-1921.8407087094965,-0.07486101523146078,1334.0,0.5059604613313706,0.7709873696478029,False,Collagen Effect (TAA),TAA_NoCollagen,TAA_Collagen
Voxel_Y_µm,0.17214196404250534,0.03071238715254758,55,0.17462708028290422,0.03157570836658411,45,0.002485116240398877,0.07989965691369956,1162.5,0.5982928131817579,0.7908878488353486,False,Collagen Effect (TAA),TAA_NoCollagen,TAA_Collagen
Voxel_X_µm,0.17214196404250534,0.03071238715254758,55,0.17462708028290422,0.03157570836658411,45,0.002485116240398877,0.07989965691369956,1162.5,0.5982928131817579,0.7908878488353486,False,Collagen Effect (TAA),TAA_NoCollagen,TAA_Collagen
Actin_Fractional_Anisotropy_ratio,0.9388636289254694,0.05713801517579575,55,0.9396815293545738,0.048291239982561004,45,0.0008179004291044567,0.015331480461074421,1312.0,0.6081523218599354,0.7908878488353486,False,Collagen Effect (TAA),TAA_NoCollagen,TAA_Collagen
Mito_Std_Fragment_Sphericity_ratio,0.16325375885127894,0.017876814566316377,55,0.163425711858476,0.014672421142343458,45,0.00017195300719707873,0.010411805825366731,1165.0,0.6178811319026161,0.7908878488353486,False,Collagen Effect (TAA),TAA_NoCollagen,TAA_Collagen
Nucleus_Volume_µm³,1044.9116295866445,494.72189141976577,55,1087.0567316766321,511.8745448183238,44,42.14510208998763,0.08388789275884542,1148.0,0.664963948540654,0.8184171674346511,False,Collagen Effect (TAA),TAA_NoCollagen,TAA_Collagen
Nucleus_Solidity_ratio,0.9338988174406375,0.0790217182365771,55,0.9312606270272155,0.09573640521258102,44,-0.002638190413422059,-0.030383656610224196,1181.0,0.8409402325258422,0.9374392546326179,False,Collagen Effect (TAA),TAA_NoCollagen,TAA_Collagen
Actin_Skeleton_Length_µm,41955.33548452504,13901.251097085396,55,45453.60367934114,24128.138244146765,45,3498.268194816097,0.18239380340835917,1264.0,0.8570408619779348,0.9374392546326179,False,Collagen Effect (TAA),TAA_NoCollagen,TAA_Collagen
Mito_Max_Fragment_Sphericity_ratio,0.9612718236690985,0.06523133945496051,55,0.9675033189185295,0.04739390962437891,45,0.006231495249431007,0.10761321967220906,1258.0,0.8747690658937595,0.9374392546326179,False,Collagen Effect (TAA),TAA_NoCollagen,TAA_Collagen
Actin_Convex_Hull_Volume_µm³,45517.22619424188,24908.51280320111,55,45383.66782780557,27026.993118855764,45,-133.55836643630755,-0.005160454189534599,1260.0,0.8788493012180792,0.9374392546326179,False,Collagen Effect (TAA),TAA_NoCollagen,TAA_Collagen
Nucleus_Sphericity_ratio,0.9327271351557913,0.1825823705397184,55,0.9119602500926139,0.22394169555113996,44,-0.020766885063177365,-0.10282431004579654,1212.0,0.9868503785290699,1.0,False,Collagen Effect (TAA),TAA_NoCollagen,TAA_Collagen
Voxel_Z_µm,0.37000000000000016,1.6806835668167717e-16,55,0.37,0.0,45,-1.6653345369377348e-16,-1.3348476249438295,1237.5,1.0,1.0,False,Collagen Effect (TAA),TAA_NoCollagen,TAA_Collagen
