Feature,Healthy_Collagen_Mean,Healthy_Collagen_SD,Healthy_Collagen_N,TAA_NoCollagen_Mean,TAA_NoCollagen_SD,TAA_NoCollagen_N,Mean_Difference,Cohens_d,U_statistic,p_value,p_adjusted_FDR,Significant,Comparison,Group1,Group2
Actin_Skeleton_Length_µm,27002.65672448977,16586.891435168884,50,41955.33548452504,13901.251097085395,55,14952.678760035273,0.981273885535806,646.0,2.952005670256318e-06,9.446418144820218e-05,True,Healthy_Coll vs TAA_NoColl,Healthy_Collagen,TAA_NoCollagen
Actin_Solidity_ratio,0.27505888024729597,0.11413284041642092,50,0.17936690148907397,0.07008313453526696,55,-0.095691978758222,-1.0217056248497818,2024.0,3.1707508062584604e-05,0.0005073201290013537,True,Healthy_Coll vs TAA_NoColl,Healthy_Collagen,TAA_NoCollagen
Actin_Extent_ratio,0.1120926169731711,0.05435774461117645,50,0.07794902013351038,0.026398493069647266,55,-0.03414359683966073,-0.8113301391022641,1890.0,0.0009631165928897197,0.010273243657490343,True,Healthy_Coll vs TAA_NoColl,Healthy_Collagen,TAA_NoCollagen
Mito_Surface_Area_µm²,13833.915789275678,13575.028845823635,50,24016.71606948403,28630.563862874536,55,10182.800280208354,0.44765798202290974,892.0,0.0019630268662037586,0.014421228485477522,True,Healthy_Coll vs TAA_NoColl,Healthy_Collagen,TAA_NoCollagen
Mito_Fragment_Count_n,319.2,390.02720993514794,50,398.8909090909091,385.6084500729682,55,79.69090909090909,0.20553893205209697,899.5,0.0023060881499521054,0.014421228485477522,True,Healthy_Coll vs TAA_NoColl,Healthy_Collagen,TAA_NoCollagen
Mito_Min_Fragment_Sphericity_ratio,0.1188821381609283,0.06679937616370442,50,0.08883450225433256,0.03008299674291259,55,-0.030047635906595732,-0.589596484921031,1843.0,0.0027039803410270355,0.014421228485477522,True,Healthy_Coll vs TAA_NoColl,Healthy_Collagen,TAA_NoCollagen
Mito_Total_Network_Length_µm,11090.119114468434,13216.577561472115,50,20937.721286602955,25939.175182874904,55,9847.60217213452,0.47169537994351934,926.0,0.004006845567659243,0.018317008309299394,True,Healthy_Coll vs TAA_NoColl,Healthy_Collagen,TAA_NoCollagen
Mito_Volume_µm³,3676.380472913275,3683.4156872876265,50,5556.070029948998,5440.057220926685,55,1879.6895570357233,0.4010257404780815,945.0,0.0058563760965607645,0.023425504386243058,True,Healthy_Coll vs TAA_NoColl,Healthy_Collagen,TAA_NoCollagen
Mito_Branch_Count_n,10314.92,13199.403815911923,50,19980.50909090909,25767.004275402673,55,9665.58909090909,0.4655925158944763,954.5,0.007043716039044041,0.02504432369437881,True,Healthy_Coll vs TAA_NoColl,Healthy_Collagen,TAA_NoCollagen
Mito_Junction_Count_n,11424.18,13673.254385754368,50,23423.4,29633.306423309867,55,11999.220000000001,0.5119643654642744,972.0,0.009809260576158482,0.031389633843707146,True,Healthy_Coll vs TAA_NoColl,Healthy_Collagen,TAA_NoCollagen
Mito_Sphericity_ratio,0.09535655768640927,0.05062029027929332,50,0.0755044238029232,0.019618307639520143,55,-0.01985213388348607,-0.5266738779791601,1758.0,0.014121433435804144,0.04108053363143024,True,Healthy_Coll vs TAA_NoColl,Healthy_Collagen,TAA_NoCollagen
Nucleus_Solidity_ratio,0.8907113543750773,0.13004714784555074,47,0.9338988174406375,0.0790217182365771,55,0.043187463065560205,0.40896717919834674,941.0,0.01845307861880772,0.049208209650153927,True,Healthy_Coll vs TAA_NoColl,Healthy_Collagen,TAA_NoCollagen
Mito_Max_Fragment_Sphericity_ratio,0.9328353691672164,0.08582018652787834,50,0.9612718236690985,0.06523133945496051,55,0.028436454501882036,0.3755110332423207,1037.5,0.020009437471413705,0.04925399992963374,True,Healthy_Coll vs TAA_NoColl,Healthy_Collagen,TAA_NoCollagen
Mito_Cyclomatic_Number_n,-2736.78,3264.1788934694478,50,-5017.527272727273,5927.675572964203,55,-2280.747272727273,-0.47057901214187337,1700.0,0.037339647593475016,0.0853477659279429,False,Healthy_Coll vs TAA_NoColl,Healthy_Collagen,TAA_NoCollagen
Actin_Convex_Hull_Volume_µm³,39797.6425978205,28266.995064824496,50,45517.22619424188,24908.51280320111,55,5719.583596421377,0.2153518391100108,1059.0,0.04294129141345965,0.09160808834871391,False,Healthy_Coll vs TAA_NoColl,Healthy_Collagen,TAA_NoCollagen
Actin_Minor_Axis_µm,0.7040479157921838,0.24392825493915732,50,0.6255675228704237,0.14752231405947533,55,-0.07848039292176012,-0.3938027580982352,1631.0,0.10114780316805531,0.20229560633611063,False,Healthy_Coll vs TAA_NoColl,Healthy_Collagen,TAA_NoCollagen
Nucleus_Sphericity_ratio,0.8573177163265321,0.2641261974671096,47,0.9327271351557913,0.1825823705397184,55,0.07540941882925922,0.3369298858428264,1154.0,0.18979282839197964,0.357257088737844,False,Healthy_Coll vs TAA_NoColl,Healthy_Collagen,TAA_NoCollagen
Actin_Volume_µm³,9873.39384546806,7652.5933530787315,50,7603.357470778904,4189.729104543497,55,-2270.0363746891553,-0.3728760840222022,1562.0,0.23146123144528064,0.4033527925643023,False,Healthy_Coll vs TAA_NoColl,Healthy_Collagen,TAA_NoCollagen
Mito_Mean_Branch_Length_µm,1.3025392992602716,0.43608094029108535,50,1.1935875684767598,0.2740504920516783,55,-0.10895173078351172,-0.3023611348036473,1555.0,0.24944826444651025,0.4033527925643023,False,Healthy_Coll vs TAA_NoColl,Healthy_Collagen,TAA_NoCollagen
Actin_Intermediate_Axis_µm,40.52855209429155,18.136161458040014,50,42.88494758566812,16.16763114912135,55,2.356395491376574,0.1375407333064945,1196.0,0.25209549535268894,0.4033527925643023,False,Healthy_Coll vs TAA_NoColl,Healthy_Collagen,TAA_NoCollagen
Actin_Fractional_Anisotropy_ratio,0.9425851406439557,0.0632048378589971,50,0.9388636289254694,0.05713801517579575,55,-0.0037215117184863367,-0.061921380750240944,1539.0,0.2941629858588788,0.44824835940400576,False,Healthy_Coll vs TAA_NoColl,Healthy_Collagen,TAA_NoCollagen
Mito_Std_Fragment_Sphericity_ratio,0.159588722170649,0.02289242078274409,50,0.16325375885127894,0.017876814566316377,55,0.003665036680629924,0.17950806670088165,1233.0,0.3639423606613239,0.5293707064164711,False,Healthy_Coll vs TAA_NoColl,Healthy_Collagen,TAA_NoCollagen
Nucleus_Volume_µm³,1015.3778847649027,598.7603739427951,47,1044.9116295866445,494.72189141976577,55,29.533744821741834,0.05418522257297091,1162.0,0.38280458206112555,0.5325976793893921,False,Healthy_Coll vs TAA_NoColl,Healthy_Collagen,TAA_NoCollagen
Mito_Mean_Fragment_Sphericity_ratio,0.6368802720079585,0.08516025628198462,50,0.6301911937890237,0.07791963562972601,55,-0.00668907821893483,-0.08213049222220935,1456.0,0.605507814902739,0.7993141222326782,False,Healthy_Coll vs TAA_NoColl,Healthy_Collagen,TAA_NoCollagen
Mito_Mean_Fragment_Volume_µm³,36.38269090247761,34.21983170192322,50,44.29834864064848,68.04669230338871,55,7.915657738170864,0.14489088434966826,1301.0,0.637224043386825,0.7993141222326782,False,Healthy_Coll vs TAA_NoColl,Healthy_Collagen,TAA_NoCollagen
Mito_Mean_Tortuosity_ratio,1.3540853879992638,0.05934024993997851,50,1.35320277149932,0.05109631657121574,55,-0.0008826164999438113,-0.01599753885494843,1436.0,0.6978870905162655,0.7993141222326782,False,Healthy_Coll vs TAA_NoColl,Healthy_Collagen,TAA_NoCollagen
Nucleus_Elongation_ratio,26.45467655831238,20.21393508164037,47,22.687121609422473,10.123991335203204,55,-3.767554948889906,-0.2415372941139454,1346.0,0.7219831929162301,0.7993141222326782,False,Healthy_Coll vs TAA_NoColl,Healthy_Collagen,TAA_NoCollagen
Voxel_Y_µm,0.17342743905264357,0.03362307401264309,50,0.17214196404250534,0.03071238715254758,55,-0.0012854750101382317,-0.040008581376634704,1429.5,0.7243784232733645,0.7993141222326782,False,Healthy_Coll vs TAA_NoColl,Healthy_Collagen,TAA_NoCollagen
Voxel_X_µm,0.17342743905264357,0.03362307401264309,50,0.17214196404250534,0.03071238715254758,55,-0.0012854750101382317,-0.040008581376634704,1429.5,0.7243784232733645,0.7993141222326782,False,Healthy_Coll vs TAA_NoColl,Healthy_Collagen,TAA_NoCollagen
Actin_Major_Axis_µm,142.90722534246225,27.819229066166667,50,141.8883290056635,26.417444791785616,55,-1.018896336798747,-0.03760686649025484,1407.0,0.8398328785282133,0.8958217370967608,False,Healthy_Coll vs TAA_NoColl,Healthy_Collagen,TAA_NoCollagen
Nucleus_Flatness_ratio,0.39433354847982854,0.12141301418609013,47,0.39860667340024913,0.12501146391547582,55,0.00427312492042059,0.03463688216766591,1290.0,0.9892873048779801,1.0,False,Healthy_Coll vs TAA_NoColl,Healthy_Collagen,TAA_NoCollagen
Voxel_Z_µm,0.37000000000000005,5.607473066727768e-17,50,0.37000000000000016,1.6806835668167717e-16,55,1.1102230246251565e-16,0.8694615015929651,1375.0,1.0,1.0,False,Healthy_Coll vs TAA_NoColl,Healthy_Collagen,TAA_NoCollagen
