Filename,Voxel_Source,Voxel_Z,Voxel_Y,Voxel_X,Volume,Surface_Area,Sphericity,Fragment_Count,Mean_Fragment_Sphericity,Std_Fragment_Sphericity,Min_Fragment_Sphericity,Max_Fragment_Sphericity,Mean_Fragment_Volume,Junction_Count,Branch_Count,Mean_Branch_Length,Total_Network_Length,Mean_Tortuosity,Cyclomatic_Number
01ASC-0180 +coll 60x DMSO48h-Zstack cell1.nii.gz,NIfTI_Header,1.0,1.0,1.0,105119.0,120055.72,0.08971989422072428,736,0.7327833179743902,0.18153046722341995,0.12427849031522321,1.0,365.4561403508772,432,1118,9.531896305923443,10656.660070022408,1.1449948600028552,106
01ASC-0180 +coll 60x DMSO48h-Zstack cell10.nii.gz,NIfTI_Header,1.0,1.0,1.0,57883.0,58343.094,0.1240305561648659,98,0.7497126990068024,0.20331101069898355,0.16311234956721649,1.0,590.6428571428571,119,282,15.36492977946531,4332.910197809218,1.186425724797277,28
01ASC-0180 +coll 60x DMSO48h-Zstack cell2.nii.gz,NIfTI_Header,1.0,1.0,1.0,146639.0,114279.47,0.1176744666406689,477,0.7620527263079998,0.17835381215628412,0.16473438524089987,1.0,942.4903225806452,228,593,11.416310877910977,6769.872350601209,1.1527521781369203,64
01ASC-0180 +coll 60x DMSO48h-Zstack cell3.nii.gz,NIfTI_Header,1.0,1.0,1.0,138808.0,110366.17,0.11746932592863264,83,0.7325157881521038,0.16981177955453794,0.13535046579335688,0.9904879511952912,1672.3855421686746,228,455,14.351239155893696,6529.813815931631,1.1730320580835123,72
01ASC-0180 +coll 60x DMSO48h-Zstack cell4.nii.gz,NIfTI_Header,1.0,1.0,1.0,60797.0,59954.066,0.12471544663546213,120,0.7986048286148701,0.16267356541358066,0.15433332975266972,1.0,506.64166666666665,123,302,13.469681479674007,4067.84380686155,1.177309484492684,32
01ASC-0180 +coll 60x DMSO48h-Zstack cell5.nii.gz,NIfTI_Header,1.0,1.0,1.0,56197.0,59108.285,0.12003590910132551,114,0.7206679588469648,0.17960620158480822,0.16286747254158115,0.9925927173726306,492.9561403508772,152,364,12.81040519904758,4662.987492453319,1.1885036096843595,39
01ASC-0180 +coll 60x DMSO48h-Zstack cell6.nii.gz,NIfTI_Header,1.0,1.0,1.0,99874.0,73441.57,0.1417458870645475,47,0.7231103595423923,0.19746792752346293,0.19108785441780105,1.0,2124.978723404255,171,323,13.705723011527764,4426.948532723468,1.1842971472914459,56
01ASC-0180 +coll 60x DMSO48h-Zstack cell7.nii.gz,NIfTI_Header,1.0,1.0,1.0,134394.0,120912.23,0.10493825205677669,146,0.732411290133058,0.1556181396113804,0.1210257095728324,0.9910171532078735,920.5068493150685,407,804,10.83289156659068,8709.644819538908,1.1610224133659894,137
01ASC-0180 +coll 60x DMSO48h-Zstack cell8.nii.gz,NIfTI_Header,1.0,1.0,1.0,104541.0,119385.06,0.0898928673299364,492,0.7501467544079691,0.17868027044645313,0.14184810355685462,1.0,295.6619318181818,326,900,11.03365627485355,9930.290647368196,1.1541947430662618,82
01ASC-0180 +coll 60x DMSO48h-Zstack cell9.nii.gz,NIfTI_Header,1.0,1.0,1.0,101057.0,107188.91,0.09788404005749099,163,0.7481883985436596,0.17268817055201105,0.12235070762642347,1.0,619.9815950920246,272,604,13.352218727257366,8064.740111263449,1.207871111100007,73
01ASC-0180 -coll 60x DMSO48H-Zstack cell1.nii.gz,NIfTI_Header,1.0,1.0,1.0,40069.0,49792.9,0.11372494091251628,89,0.7272081677831305,0.15659453182969865,0.12766868304918474,0.9739172258967009,450.2134831460674,192,397,10.866581834200035,4314.032988177414,1.1523837096173868,64
01ASC-0180 -coll 60x DMSO48H-Zstack cell2.nii.gz,NIfTI_Header,1.0,1.0,1.0,163859.0,138352.16,0.1046674697997169,75,0.7657150075572576,0.15816775999454058,0.11199782502961068,1.0,2184.786666666667,415,749,13.381817016523645,10022.98094537621,1.1546666602506244,145
01ASC-0180 -coll 60x DMSO48H-Zstack cell3.nii.gz,NIfTI_Header,1.0,1.0,1.0,496932.0,275270.34,0.11021888383214513,185,0.7107429157671181,0.14150570064864867,0.1331992301014441,0.9543767008142482,2686.118918918919,549,1095,12.58886001771103,13784.801719393578,1.1734330736236964,165
01ASC-0180 -coll 60x DMSO48H-Zstack cell4.nii.gz,NIfTI_Header,1.0,1.0,1.0,184091.0,145122.45,0.10783784936483962,171,0.7375758903447472,0.16535861509245275,0.1399960918243618,1.0,1076.5555555555557,269,602,13.471996133200285,8110.141672186572,1.1622917841949707,76
01ASC-0180 -coll 60x DMSO48H-Zstack cell5.nii.gz,NIfTI_Header,1.0,1.0,1.0,107484.0,101553.44,0.10765115889724956,180,0.7556189490898758,0.15801596619982525,0.13805589904625182,1.0,597.1333333333333,276,609,11.247003298804366,6849.425008971859,1.164639407851208,91
01ASC-0180 -coll 60x DMSO48h-Zstack cell10.nii.gz,NIfTI_Header,1.0,1.0,1.0,107882.0,81626.32,0.13426203686233676,68,0.7448492578504858,0.17384389300319902,0.16410204897800332,1.0,1586.5,173,350,13.733467344969519,4806.713570739332,1.1676296746635526,55
01ASC-0180 -coll 60x DMSO48h-Zstack cell6.nii.gz,NIfTI_Header,1.0,1.0,1.0,199683.0,164885.97,0.10019848448778196,301,0.7488874482453322,0.1654876669444241,0.1868051104506768,1.0,670.0436241610738,245,664,12.418592373653357,8245.94533610583,1.190320993714783,54
01ASC-0180 -coll 60x DMSO48h-Zstack cell7.nii.gz,NIfTI_Header,1.0,1.0,1.0,172001.0,146461.0,0.10212124731534682,367,0.7873348307521971,0.16147715335467236,0.1491482839855318,1.0,471.1890410958904,335,856,10.774978300155961,9223.381424933503,1.1615117271914652,99
01ASC-0180 -coll 60x DMSO48h-Zstack cell8.nii.gz,NIfTI_Header,1.0,1.0,1.0,246055.0,198050.77,0.09588022884335475,236,0.731982273346989,0.16328452802925925,0.12213450853017369,0.9975872238047757,1042.6059322033898,510,1031,12.284007095348935,12664.811315304752,1.1576908918146944,191
01ASC-0180 -coll 60x DMSO48h-Zstack cell9.nii.gz,NIfTI_Header,1.0,1.0,1.0,176034.0,132300.0,0.11481236208651475,180,0.7562059433768057,0.15448004972202575,0.15050250037800394,0.9760201907215864,977.9666666666667,253,589,12.699816697600195,7480.192034886515,1.17084762429928,72
01Asc-230 +Col 60x veh-Zstack Cell1.nii.gz,NIfTI_Header,1.0,1.0,1.0,262275.0,162734.39,0.12176132898163118,46,0.6634921035549678,0.18444392786021463,0.16027508767645196,0.9246525191780871,5701.630434782609,204,414,17.325910254377128,7172.92684531213,1.2090774235179116,35
01Asc-230 +Col 60x veh-Zstack Cell2.nii.gz,NIfTI_Header,1.0,1.0,1.0,744229.0,326617.62,0.12159495806158843,74,0.7340135743265396,0.12505961965931756,0.12623375389465757,0.9073639678769092,10057.148648648648,548,1023,13.508732922547535,13819.433779766128,1.1601949348934824,145
01Asc-230 +Col 60x veh-Zstack Cell3.nii.gz,NIfTI_Header,1.0,1.0,1.0,996578.0,471632.97,0.10230279490698117,102,0.7132394949240648,0.13431792209023816,0.10863282606830277,0.9327956369398702,9770.372549019608,697,1324,14.659603448793503,19409.314966202597,1.1686017454045141,165
01Asc-230 -Col 60x veh-Zstack Cell1.nii.gz,NIfTI_Header,1.0,1.0,1.0,285801.0,173348.06,0.12104335757244271,90,0.7115808160391961,0.14663287537624506,0.13955577924405482,0.9220384539897137,3175.5666666666666,381,717,12.216911508000324,8759.525551236233,1.1776386491897723,122
01Asc-230 -Col 60x veh-Zstack Cell2.nii.gz,NIfTI_Header,1.0,1.0,1.0,1506524.0,512713.62,0.12395383529336781,45,0.7017980302250336,0.1454913537714092,0.12690925673298997,0.925579461361163,33478.311111111114,872,1516,13.859346336749567,21010.769046512345,1.172646792879492,277
01Asc-230 -Col 60x veh-Zstack Cell3.nii.gz,NIfTI_Header,1.0,1.0,1.0,857329.0,378149.62,0.11541230816794103,75,0.6580355705338365,0.15914349147905255,0.125483145912206,0.9788506814146317,11431.053333333333,626,1133,14.681516809130127,16634.158544744434,1.1663054288487806,194
01Asc-230 -Col 60x veh-Zstack Cell4.nii.gz,NIfTI_Header,1.0,1.0,1.0,563662.0,244910.86,0.13473753170504268,33,0.621757607481888,0.1543660694024812,0.14626682664320884,0.8457724628364329,17080.666666666668,302,553,18.31688815861818,10129.239151715854,1.156623429902516,88
01Asc-230 -Col 60x veh-Zstack Cell5.nii.gz,NIfTI_Header,1.0,1.0,1.0,376464.0,192602.0,0.13090984244520998,90,0.712589060056562,0.14186799473698114,0.14656079899149393,0.9572977894506193,4182.933333333333,282,591,13.695869772137115,8094.259035333035,1.1595967003303218,56
03Asc-0057 +Col 60x veh-Zstack Cell1.nii.gz,NIfTI_Header,1.0,1.0,1.0,112254.0,101403.2,0.11097717559689663,235,0.7426582999794715,0.17309787659451828,0.15134089723029837,1.0,477.67659574468087,263,634,12.405151638996344,7864.866139123682,1.1648093197379237,90
03Asc-0057 +Col 60x veh-Zstack Cell2.nii.gz,NIfTI_Header,1.0,1.0,1.0,165704.0,146836.25,0.09935876115792382,313,0.7352027698475955,0.18075121693712018,0.11853324692167051,1.0,793.2596153846154,557,1156,10.448808563748559,12078.822699693334,1.146276419626246,192
03Asc-0057 +Col 60x veh-Zstack Cell3.nii.gz,NIfTI_Header,1.0,1.0,1.0,172613.0,152244.6,0.09847468008319762,153,0.7563393261173849,0.17342850821272987,0.1085284074150953,1.0,1128.18954248366,578,1059,11.160832288324965,11819.321393336138,1.1517122388500265,229
03Asc-0057 +Col 60x veh-Zstack Cell4.nii.gz,NIfTI_Header,1.0,1.0,1.0,179098.0,123257.64,0.12466104550864136,182,0.7216226751692623,0.19009528240613868,0.16950594919212794,1.0,984.054945054945,270,626,13.481827536308902,8439.624037729373,1.1706772876892437,76
03Asc-0057 +Col 60x veh-Zstack Cell5.nii.gz,NIfTI_Header,1.0,1.0,1.0,103152.0,108441.59,0.09808591957055292,116,0.7133401585901732,0.19613972498082247,0.147652662175313,1.0,889.2413793103449,336,687,12.972856697459493,8912.352551154672,1.1807455350466383,86
03Asc-0057 -Col 60x veh-Zstack Cell1.nii.gz,NIfTI_Header,1.0,1.0,1.0,241595.0,208856.5,0.08981759526434502,157,0.7513516702392885,0.1839313802336906,0.10016875789378647,1.0,1538.8216560509554,800,1454,11.011994900875079,16011.440585872364,1.150119798448159,274
03Asc-0057 -Col 60x veh-Zstack Cell2.nii.gz,NIfTI_Header,1.0,1.0,1.0,171349.0,121605.91,0.12268284500918908,194,0.7832914006409836,0.17152310014829672,0.15195630223393053,1.0,883.2422680412371,275,601,12.577164967652122,7558.876145558925,1.1601288286149574,96
03Asc-0057 -Col 60x veh-Zstack Cell3.nii.gz,NIfTI_Header,1.0,1.0,1.0,453078.0,318147.7,0.08966796978524443,230,0.7962533377079978,0.15851623800123982,0.09827040343376306,1.0,1995.8678414096917,940,1713,11.340709904030515,19426.63606560427,1.1528111991620285,350
03Asc-0057 -Col 60x veh-Zstack Cell4.nii.gz,NIfTI_Header,1.0,1.0,1.0,172127.0,155551.88,0.09619995607906145,290,0.7458693403203221,0.17352107002539738,0.1321463670314472,1.0,603.8561403508772,397,953,11.447205075151318,10909.186436619206,1.164575014771232,89
03Asc-0057 -Col 60x veh-Zstack Cell5.nii.gz,NIfTI_Header,1.0,1.0,1.0,86150.0,80357.0,0.11738986350738684,114,0.7329075125027203,0.17487800056241792,0.13744291942226586,1.0,755.7017543859649,232,493,12.806993499459711,6313.847795233638,1.1655040364123006,67
