Feature,Comparison,Group1,Group2,p_value,Significant
Actin_Skeleton_Length_µm,Disease_NoColl,Healthy_NoCollagen,TAA_NoCollagen,1.7944272642202227e-05,True
Actin_Skeleton_Length_µm,Disease_Coll,Healthy_Collagen,TAA_Collagen,9.67641150534703e-05,True
Actin_Skeleton_Length_µm,Collagen_Healthy,Healthy_NoCollagen,Healthy_Collagen,1.0,False
Actin_Skeleton_Length_µm,Collagen_TAA,TAA_NoCollagen,TAA_Collagen,1.0,False
Actin_Skeleton_Length_µm,DiagColl_vs_HealthyNoColl,Healthy_NoCollagen,TAA_Collagen,9.75030416202683e-05,True
Actin_Skeleton_Length_µm,HealthyColl_vs_TAA_NoColl,Healthy_Collagen,TAA_NoCollagen,1.7790393233529883e-05,True
Actin_Solidity_ratio,Disease_NoColl,Healthy_NoCollagen,TAA_NoCollagen,1.7043180457964831e-07,True
Actin_Solidity_ratio,Disease_Coll,Healthy_Collagen,TAA_Collagen,0.16059035907189667,False
Actin_Solidity_ratio,Collagen_Healthy,Healthy_NoCollagen,Healthy_Collagen,1.0,False
Actin_Solidity_ratio,Collagen_TAA,TAA_NoCollagen,TAA_Collagen,0.3014947965310889,False
Actin_Solidity_ratio,DiagColl_vs_HealthyNoColl,Healthy_NoCollagen,TAA_Collagen,0.004617683992660447,True
Actin_Solidity_ratio,HealthyColl_vs_TAA_NoColl,Healthy_Collagen,TAA_NoCollagen,8.426166498749935e-05,True
Actin_Extent_ratio,Disease_NoColl,Healthy_NoCollagen,TAA_NoCollagen,3.3966689726934644e-05,True
Actin_Extent_ratio,Disease_Coll,Healthy_Collagen,TAA_Collagen,1.0,False
Actin_Extent_ratio,Collagen_Healthy,Healthy_NoCollagen,Healthy_Collagen,1.0,False
Actin_Extent_ratio,Collagen_TAA,TAA_NoCollagen,TAA_Collagen,0.127424771533425,False
Actin_Extent_ratio,DiagColl_vs_HealthyNoColl,Healthy_NoCollagen,TAA_Collagen,0.2349854134965625,False
Actin_Extent_ratio,HealthyColl_vs_TAA_NoColl,Healthy_Collagen,TAA_NoCollagen,0.004514067543064712,True
Actin_Minor_Axis_µm,Disease_NoColl,Healthy_NoCollagen,TAA_NoCollagen,0.07237366416859439,False
Actin_Minor_Axis_µm,Disease_Coll,Healthy_Collagen,TAA_Collagen,0.15633006229796187,False
Actin_Minor_Axis_µm,Collagen_Healthy,Healthy_NoCollagen,Healthy_Collagen,1.0,False
Actin_Minor_Axis_µm,Collagen_TAA,TAA_NoCollagen,TAA_Collagen,1.0,False
Actin_Minor_Axis_µm,DiagColl_vs_HealthyNoColl,Healthy_NoCollagen,TAA_Collagen,0.019686731003902672,True
Actin_Minor_Axis_µm,HealthyColl_vs_TAA_NoColl,Healthy_Collagen,TAA_NoCollagen,0.4717206444075649,False
Mito_Volume_µm³,Disease_NoColl,Healthy_NoCollagen,TAA_NoCollagen,0.1408422285449321,False
Mito_Volume_µm³,Disease_Coll,Healthy_Collagen,TAA_Collagen,0.7645617596071839,False
Mito_Volume_µm³,Collagen_Healthy,Healthy_NoCollagen,Healthy_Collagen,1.0,False
Mito_Volume_µm³,Collagen_TAA,TAA_NoCollagen,TAA_Collagen,1.0,False
Mito_Volume_µm³,DiagColl_vs_HealthyNoColl,Healthy_NoCollagen,TAA_Collagen,1.0,False
Mito_Volume_µm³,HealthyColl_vs_TAA_NoColl,Healthy_Collagen,TAA_NoCollagen,0.040863617723837356,True
Mito_Surface_Area_µm²,Disease_NoColl,Healthy_NoCollagen,TAA_NoCollagen,0.0050761058222854654,True
Mito_Surface_Area_µm²,Disease_Coll,Healthy_Collagen,TAA_Collagen,0.12438963167837588,False
Mito_Surface_Area_µm²,Collagen_Healthy,Healthy_NoCollagen,Healthy_Collagen,1.0,False
Mito_Surface_Area_µm²,Collagen_TAA,TAA_NoCollagen,TAA_Collagen,1.0,False
Mito_Surface_Area_µm²,DiagColl_vs_HealthyNoColl,Healthy_NoCollagen,TAA_Collagen,0.07252271186653969,False
Mito_Surface_Area_µm²,HealthyColl_vs_TAA_NoColl,Healthy_Collagen,TAA_NoCollagen,0.010474791583071954,True
Mito_Sphericity_ratio,Disease_NoColl,Healthy_NoCollagen,TAA_NoCollagen,0.00010001106926047103,True
Mito_Sphericity_ratio,Disease_Coll,Healthy_Collagen,TAA_Collagen,0.009084328162601444,True
Mito_Sphericity_ratio,Collagen_Healthy,Healthy_NoCollagen,Healthy_Collagen,0.40690472033260605,False
Mito_Sphericity_ratio,Collagen_TAA,TAA_NoCollagen,TAA_Collagen,1.0,False
Mito_Sphericity_ratio,DiagColl_vs_HealthyNoColl,Healthy_NoCollagen,TAA_Collagen,4.464583183158965e-06,True
Mito_Sphericity_ratio,HealthyColl_vs_TAA_NoColl,Healthy_Collagen,TAA_NoCollagen,0.08905354310801669,False
Mito_Fragment_Count_n,Disease_NoColl,Healthy_NoCollagen,TAA_NoCollagen,0.00020083951002406033,True
Mito_Fragment_Count_n,Disease_Coll,Healthy_Collagen,TAA_Collagen,0.0001315915843791361,True
Mito_Fragment_Count_n,Collagen_Healthy,Healthy_NoCollagen,Healthy_Collagen,1.0,False
Mito_Fragment_Count_n,Collagen_TAA,TAA_NoCollagen,TAA_Collagen,0.7384803883347667,False
Mito_Fragment_Count_n,DiagColl_vs_HealthyNoColl,Healthy_NoCollagen,TAA_Collagen,2.965314762323088e-07,True
Mito_Fragment_Count_n,HealthyColl_vs_TAA_NoColl,Healthy_Collagen,TAA_NoCollagen,0.02409132308410931,True
Mito_Min_Fragment_Sphericity_ratio,Disease_NoColl,Healthy_NoCollagen,TAA_NoCollagen,7.975437079334321e-05,True
Mito_Min_Fragment_Sphericity_ratio,Disease_Coll,Healthy_Collagen,TAA_Collagen,0.4530905898031192,False
Mito_Min_Fragment_Sphericity_ratio,Collagen_Healthy,Healthy_NoCollagen,Healthy_Collagen,0.9302839180952907,False
Mito_Min_Fragment_Sphericity_ratio,Collagen_TAA,TAA_NoCollagen,TAA_Collagen,1.0,False
Mito_Min_Fragment_Sphericity_ratio,DiagColl_vs_HealthyNoColl,Healthy_NoCollagen,TAA_Collagen,0.009423169750618843,True
Mito_Min_Fragment_Sphericity_ratio,HealthyColl_vs_TAA_NoColl,Healthy_Collagen,TAA_NoCollagen,0.022400737430758287,True
Mito_Junction_Count_n,Disease_NoColl,Healthy_NoCollagen,TAA_NoCollagen,0.03261549615863694,True
Mito_Junction_Count_n,Disease_Coll,Healthy_Collagen,TAA_Collagen,1.0,False
Mito_Junction_Count_n,Collagen_Healthy,Healthy_NoCollagen,Healthy_Collagen,1.0,False
Mito_Junction_Count_n,Collagen_TAA,TAA_NoCollagen,TAA_Collagen,0.9214661508635285,False
Mito_Junction_Count_n,DiagColl_vs_HealthyNoColl,Healthy_NoCollagen,TAA_Collagen,1.0,False
Mito_Junction_Count_n,HealthyColl_vs_TAA_NoColl,Healthy_Collagen,TAA_NoCollagen,0.05345226169320318,False
Mito_Branch_Count_n,Disease_NoColl,Healthy_NoCollagen,TAA_NoCollagen,0.022058329304651667,True
Mito_Branch_Count_n,Disease_Coll,Healthy_Collagen,TAA_Collagen,1.0,False
Mito_Branch_Count_n,Collagen_Healthy,Healthy_NoCollagen,Healthy_Collagen,1.0,False
Mito_Branch_Count_n,Collagen_TAA,TAA_NoCollagen,TAA_Collagen,1.0,False
Mito_Branch_Count_n,DiagColl_vs_HealthyNoColl,Healthy_NoCollagen,TAA_Collagen,0.8224510518559517,False
Mito_Branch_Count_n,HealthyColl_vs_TAA_NoColl,Healthy_Collagen,TAA_NoCollagen,0.03615195666066597,True
Mito_Total_Network_Length_µm,Disease_NoColl,Healthy_NoCollagen,TAA_NoCollagen,0.0076848012707999,True
Mito_Total_Network_Length_µm,Disease_Coll,Healthy_Collagen,TAA_Collagen,0.6442669315889131,False
Mito_Total_Network_Length_µm,Collagen_Healthy,Healthy_NoCollagen,Healthy_Collagen,1.0,False
Mito_Total_Network_Length_µm,Collagen_TAA,TAA_NoCollagen,TAA_Collagen,1.0,False
Mito_Total_Network_Length_µm,DiagColl_vs_HealthyNoColl,Healthy_NoCollagen,TAA_Collagen,0.35045858782837125,False
Mito_Total_Network_Length_µm,HealthyColl_vs_TAA_NoColl,Healthy_Collagen,TAA_NoCollagen,0.02079010450068489,True
Mito_Mean_Tortuosity_ratio,Disease_NoColl,Healthy_NoCollagen,TAA_NoCollagen,0.6957834156815605,False
Mito_Mean_Tortuosity_ratio,Disease_Coll,Healthy_Collagen,TAA_Collagen,0.1901769535755148,False
Mito_Mean_Tortuosity_ratio,Collagen_Healthy,Healthy_NoCollagen,Healthy_Collagen,1.0,False
Mito_Mean_Tortuosity_ratio,Collagen_TAA,TAA_NoCollagen,TAA_Collagen,0.4369584453122569,False
Mito_Mean_Tortuosity_ratio,DiagColl_vs_HealthyNoColl,Healthy_NoCollagen,TAA_Collagen,0.006931463577446921,True
Mito_Mean_Tortuosity_ratio,HealthyColl_vs_TAA_NoColl,Healthy_Collagen,TAA_NoCollagen,1.0,False
Nucleus_Solidity_ratio,Disease_NoColl,Healthy_NoCollagen,TAA_NoCollagen,0.15422920151999636,False
Nucleus_Solidity_ratio,Disease_Coll,Healthy_Collagen,TAA_Collagen,0.08225159807168524,False
Nucleus_Solidity_ratio,Collagen_Healthy,Healthy_NoCollagen,Healthy_Collagen,1.0,False
Nucleus_Solidity_ratio,Collagen_TAA,TAA_NoCollagen,TAA_Collagen,1.0,False
Nucleus_Solidity_ratio,DiagColl_vs_HealthyNoColl,Healthy_NoCollagen,TAA_Collagen,0.10931443525563224,False
Nucleus_Solidity_ratio,HealthyColl_vs_TAA_NoColl,Healthy_Collagen,TAA_NoCollagen,0.11565031022839428,False
