Feature,Organelle,KW_stat,KW_p,BH_q,Significant
Actin_Volume_µm³,Actin,26.07887672268828,2.172920676834355e-06,4.074226269064415e-06,True
Actin_Skeleton_Length_µm,Actin,129.31605327647435,8.305691964259521e-29,2.4917075892778565e-27,True
Actin_Convex_Hull_Volume_µm³,Actin,28.833164103977992,5.482239026379285e-07,1.265132083010604e-06,True
Actin_Solidity_ratio,Actin,23.735759961473036,7.012053362706454e-06,1.1071663204273349e-05,True
Actin_Extent_ratio,Actin,20.54780190811016,3.452244195156373e-05,5.1783662927345595e-05,True
Actin_Fractional_Anisotropy_ratio,Actin,8.08592561847729,0.01754541162295583,0.02024470571879519,True
Actin_Major_Axis_µm,Actin,27.823683010417426,9.081634121506795e-07,1.816326824301359e-06,True
Actin_Intermediate_Axis_µm,Actin,28.195299898829262,7.54168552557655e-07,1.6160754697664036e-06,True
Actin_Minor_Axis_µm,Actin,3.8283270170541073,0.14746513433597003,0.15255013896824485,False
Mito_Volume_µm³,Mitochondria,18.134995818775906,0.00011535480603750763,0.00016479258005358235,True
Mito_Surface_Area_µm²,Mitochondria,14.989625081797953,0.0005559609272579588,0.0007581285371699438,True
Mito_Sphericity_ratio,Mitochondria,25.183391676697397,3.4001335818018247e-06,5.6668893030030414e-06,True
Mito_Fragment_Count_n,Mitochondria,10.441957547566187,0.005402039163716171,0.006752548954645213,True
Mito_Mean_Fragment_Sphericity_ratio,Mitochondria,10.052190969409367,0.006564391364236294,0.007877269637083552,True
Mito_Std_Fragment_Sphericity_ratio,Mitochondria,34.66797503425232,2.9644550664088347e-08,7.411137666022086e-08,True
Mito_Min_Fragment_Sphericity_ratio,Mitochondria,25.911018114726744,2.3631642398695243e-06,4.1702898350638665e-06,True
Mito_Max_Fragment_Sphericity_ratio,Mitochondria,62.810764473119434,2.29517493579981e-14,1.122068720931047e-13,True
Mito_Mean_Fragment_Volume_µm³,Mitochondria,5.690095949492502,0.058131477830025306,0.06459053092225034,False
Mito_Junction_Count_n,Mitochondria,60.49799717234055,7.295025778909482e-14,2.431675259636494e-13,True
Mito_Branch_Count_n,Mitochondria,61.23963260288309,5.0348060268599916e-14,1.888052260072497e-13,True
Mito_Mean_Branch_Length_µm,Mitochondria,99.08330316967727,3.0502405642402794e-22,2.2876804231802094e-21,True
Mito_Total_Network_Length_µm,Mitochondria,36.91580086973727,9.634644477096701e-09,2.6276303119354642e-08,True
Mito_Mean_Tortuosity_ratio,Mitochondria,109.96507434205728,1.3224751055976426e-24,1.3224751055976426e-23,True
Mito_Cyclomatic_Number_n,Mitochondria,62.54743877540581,2.6181603488391098e-14,1.122068720931047e-13,True
Nucleus_Volume_µm³,Nucleus,42.13368383292122,7.092295212543936e-10,2.127688563763181e-09,True
Nucleus_Sphericity_ratio,Nucleus,78.95932720237678,7.148253582708936e-18,4.288952149625362e-17,True
Nucleus_Elongation_ratio,Nucleus,13.962221540628256,0.0009292704237202755,0.0012120918570264461,True
Nucleus_Flatness_ratio,Nucleus,0.6019326536314684,0.7401026939415061,0.7401026939415061,False
Nucleus_Solidity_ratio,Nucleus,5.399826848472805,0.0672113313602053,0.0720121407430771,False
Nucleus_Circularity_ratio,Nucleus,112.7973609881568,3.208959787133846e-25,4.813439680700769e-24,True
