Feature,Organelle,Term,Coef,SE,p,CI_low,CI_high,BH_q,Significant
Actin_Skeleton_Length_µm,Actin,Disease (TAA),14778.315132864556,4973.989221125233,0.0029671654065086786,5029.475399968665,24527.154865760447,0.032638819471595464,True
Actin_Skeleton_Length_µm,Actin,Collagen,-2330.1280612695455,2269.364197449042,0.3045260840791909,-6778.000156074312,2117.744033535221,0.8667369937391977,False
Actin_Skeleton_Length_µm,Actin,Age,1047.5658646243926,234.75774081001072,8.107428205048656e-06,587.4491475447827,1507.6825817040026,8.918171025553521e-05,True
Actin_Skeleton_Length_µm,Actin,Sex (Male),42.56815821240571,4620.027267943887,0.9926485291777684,-9012.518894550594,9097.655210975405,0.9926485291777684,False
Actin_Skeleton_Length_µm,Actin,Disease × Collagen,4774.142027544339,3482.7444368283855,0.17043767324661585,-2051.91163599653,11600.195691085208,0.35992554251186093,False
Actin_Convex_Hull_Volume_µm³,Actin,Disease (TAA),1013.7357359792883,11369.272847927758,0.9289511633854846,-21269.629576368246,23297.101048326822,0.9289511633854846,False
Actin_Convex_Hull_Volume_µm³,Actin,Collagen,1600.826061121312,3689.3592068620155,0.6643584809445882,-5630.185110359497,8831.837232602122,0.8667369937391977,False
Actin_Convex_Hull_Volume_µm³,Actin,Age,-192.15824821560545,551.6457681763188,0.7275876321008234,-1273.3640860651221,889.0475896339112,0.7275876321008234,False
Actin_Convex_Hull_Volume_µm³,Actin,Sex (Male),17420.895195901776,10859.30355547131,0.10866184952405362,-3862.9486700097477,38704.7390618133,0.36719762206879275,False
Actin_Convex_Hull_Volume_µm³,Actin,Disease × Collagen,-5660.741628365323,5667.530161012089,0.3178905171014256,-16768.89662524351,5447.4133685128645,0.49954224115938306,False
Actin_Major_Axis_µm,Actin,Disease (TAA),-5.889790079019629,10.701072687685425,0.5820501962141791,-26.8635071428283,15.083926984789041,0.640255215835597,False
Actin_Major_Axis_µm,Actin,Collagen,4.080787219776884,4.2432913831913615,0.3361986768160392,-4.235911067187335,12.397485506741102,0.8667369937391977,False
Actin_Major_Axis_µm,Actin,Age,-0.19668985831601415,0.5121226969878927,0.7009281664943369,-1.200431900077803,0.8070521834457747,0.7275876321008234,False
Actin_Major_Axis_µm,Actin,Sex (Male),14.453880612418239,10.080002134909227,0.15159611442567664,-5.302560536090702,34.21032176092718,0.36719762206879275,False
Actin_Major_Axis_µm,Actin,Disease × Collagen,1.6413459874885836,6.5158583685666445,0.8011182095871512,-11.129501743265951,14.41219371824312,0.8812300305458663,False
Mito_Junction_Count_n,Mitochondria,Disease (TAA),14612.568608327132,6803.673018517544,0.03173385600961073,1277.6145294458292,27947.522687208435,0.07513758161301619,False
Mito_Junction_Count_n,Mitochondria,Collagen,673.23238251721,1950.562815781727,0.7299832912713269,-3149.800485998011,4496.2652510324315,0.8667369937391977,False
Mito_Junction_Count_n,Mitochondria,Age,404.1749795597389,332.1046071583336,0.22360000832948013,-246.7380895704179,1055.0880486898957,0.4409555896942642,False
Mito_Junction_Count_n,Mitochondria,Sex (Male),4388.983903349886,6537.710084920292,0.5020080874056962,-8424.692404458183,17202.660211157956,0.6620194088992047,False
Mito_Junction_Count_n,Mitochondria,Disease × Collagen,-6196.992481610846,2995.900650939833,0.0385939090240076,-12068.849858713023,-325.1351045086685,0.21862494550719275,False
Mito_Branch_Count_n,Mitochondria,Disease (TAA),12399.374086312142,5714.39817485689,0.030018380812316406,1199.359470271218,23599.388702353066,0.07513758161301619,False
Mito_Branch_Count_n,Mitochondria,Collagen,713.2206013329293,1717.3380512681072,0.6779179927428691,-2652.7001284327616,4079.14133109862,0.8667369937391977,False
Mito_Branch_Count_n,Mitochondria,Age,356.1176274882044,278.35026481111197,0.20076091409311259,-189.4388666287618,901.6741216051705,0.4409555896942642,False
Mito_Branch_Count_n,Mitochondria,Sex (Male),4225.838024376532,5479.455709429487,0.44057954904561913,-6513.697820987633,14965.373869740699,0.6620194088992047,False
Mito_Branch_Count_n,Mitochondria,Disease × Collagen,-5180.970028157735,2637.634081734428,0.04950122637264079,-10350.637832752593,-11.30222356287868,0.21862494550719275,False
Mito_Mean_Branch_Length_µm,Mitochondria,Disease (TAA),-0.9280702842413846,0.5488403057769266,0.09084330077909478,-2.0037775168281113,0.1476369483453419,0.12490953857125532,False
Mito_Mean_Branch_Length_µm,Mitochondria,Collagen,0.12675848461337869,0.05476817893043257,0.020642777887929366,0.019414826410885433,0.23410214281587194,0.22707055676722301,False
Mito_Mean_Branch_Length_µm,Mitochondria,Age,-0.02600279193156601,0.027282354265397556,0.34053977602440433,-0.07947522370520795,0.027469639842075927,0.4569037162997081,False
Mito_Mean_Branch_Length_µm,Mitochondria,Sex (Male),0.7424019227310881,0.5371132365625245,0.16690801003126943,-0.3103206765512021,1.7951245220133782,0.36719762206879275,False
Mito_Mean_Branch_Length_µm,Mitochondria,Disease × Collagen,0.011394674597165227,0.0841399936415307,0.8922757091154361,-0.15351668259966408,0.17630603179399454,0.8922757091154361,False
Mito_Total_Network_Length_µm,Mitochondria,Disease (TAA),11665.309375033934,5536.707094709949,0.0351259166990572,813.5628764550347,22517.055873612833,0.07513758161301619,False
Mito_Total_Network_Length_µm,Mitochondria,Collagen,295.843021177778,1763.0207944959498,0.8667369937391977,-3159.6142400294752,3751.3002823850316,0.8667369937391977,False
Mito_Total_Network_Length_µm,Mitochondria,Age,327.17910258223276,268.9204513323546,0.22374160643121854,-199.8952967354387,854.2535018999042,0.4409555896942642,False
Mito_Total_Network_Length_µm,Mitochondria,Sex (Male),5361.735243528819,5293.742734964601,0.3111347094643897,-5013.809860422363,15737.280347480002,0.5704136340180478,False
Mito_Total_Network_Length_µm,Mitochondria,Disease × Collagen,-4590.301709742795,2707.7341264900338,0.09002692479579191,-9897.363077373284,716.7596578876946,0.24757404318842777,False
Mito_Mean_Tortuosity_ratio,Mitochondria,Disease (TAA),0.03515653528795379,0.03527271783869029,0.31890715689127314,-0.03397672131272268,0.10428979188863026,0.3897754139782227,False
Mito_Mean_Tortuosity_ratio,Mitochondria,Collagen,-0.0059000945058743535,0.006360560614876636,0.3536119584404669,-0.0183665642325165,0.006566375220767795,0.8667369937391977,False
Mito_Mean_Tortuosity_ratio,Mitochondria,Age,0.0015506062857875728,0.0017435834672540095,0.3738303133361248,-0.0018667545140697585,0.004967967085644905,0.4569037162997081,False
Mito_Mean_Tortuosity_ratio,Mitochondria,Sex (Male),-0.054834427481017065,0.03432566400256788,0.11015962349722459,-0.12211149267147312,0.012442637709438986,0.36719762206879275,False
Mito_Mean_Tortuosity_ratio,Mitochondria,Disease × Collagen,-0.012625003962652285,0.009770929709027685,0.19632302318828776,-0.03177567428781898,0.0065256663625144085,0.35992554251186093,False
Mito_Cyclomatic_Number_n,Mitochondria,Disease (TAA),-2967.876592905062,1452.2143341336896,0.04098413542528155,-5814.16438563991,-121.5888001702142,0.07513758161301619,False
Mito_Cyclomatic_Number_n,Mitochondria,Collagen,-97.54419361206067,432.3128375514867,0.821486600413769,-944.8617852672896,749.7733980431683,0.8667369937391977,False
Mito_Cyclomatic_Number_n,Mitochondria,Age,-83.06033206608366,70.76884671451296,0.2405212307423259,-221.76472285396477,55.644058721797464,0.4409555896942642,False
Mito_Cyclomatic_Number_n,Mitochondria,Sex (Male),-683.3659344283409,1393.1206361549214,0.6237596840062577,-3413.832207411516,2047.1003385548338,0.6861356524068835,False
Mito_Cyclomatic_Number_n,Mitochondria,Disease × Collagen,1250.6493610233738,663.9829144384105,0.05962498513832529,-50.73323762585096,2552.0319596725985,0.21862494550719275,False
Nucleus_Sphericity_ratio,Nucleus,Disease (TAA),0.2697548704848892,0.10304134625382406,0.008846535589693233,0.06779754290887283,0.4717121980609056,0.04865594574331278,True
Nucleus_Sphericity_ratio,Nucleus,Collagen,-0.01235840770792337,0.03833292702540093,0.7471522128756807,-0.0874895640997113,0.06277274868386455,0.8667369937391977,False
Nucleus_Sphericity_ratio,Nucleus,Age,0.007184821820325157,0.0049563618459170684,0.14716560994024686,-0.0025294688920207585,0.01689911253267107,0.4409555896942642,False
Nucleus_Sphericity_ratio,Nucleus,Sex (Male),-0.059543768954007266,0.09756213368367551,0.5416522436448039,-0.25076203722889334,0.13167449932087882,0.6620194088992047,False
Nucleus_Sphericity_ratio,Nucleus,Disease × Collagen,-0.026724782960719763,0.05885478173287077,0.6497712028274301,-0.14207803547511236,0.08862846955367282,0.7941648034557478,False
Nucleus_Circularity_ratio,Nucleus,Disease (TAA),-0.21617395045908688,0.12632740680955853,0.08704055855201458,-0.46377111806616156,0.03142321714798782,0.12490953857125532,False
Nucleus_Circularity_ratio,Nucleus,Collagen,-0.005825682111901742,0.008840161244388457,0.509894617179264,-0.023152079768429902,0.01150071554462642,0.8667369937391977,False
Nucleus_Circularity_ratio,Nucleus,Age,-0.006624089122724254,0.006287451115012807,0.29209299795897703,-0.01894726686270556,0.0056990886172570525,0.4569037162997081,False
Nucleus_Circularity_ratio,Nucleus,Sex (Male),0.18029612091646965,0.12378276276918625,0.1452398843507705,-0.062313636018000884,0.4229058778509402,0.36719762206879275,False
Nucleus_Circularity_ratio,Nucleus,Disease × Collagen,0.008169715146430303,0.013581532290527353,0.547486250736076,-0.018449598997871092,0.0347890292907317,0.7527935947621045,False
