Feature,Organelle,Cohen_d,p,Test,BH_q,Significant
Actin_Volume_µm³,Actin,0.4247132369786352,0.0010803028776877701,Mann-Whitney,0.0029462805755121006,True
Actin_Skeleton_Length_µm,Actin,-0.1515681803972622,0.15939736450851216,Mann-Whitney,0.21153896607814804,False
Actin_Convex_Hull_Volume_µm³,Actin,0.3979047024611282,0.001495806993212068,Mann-Whitney,0.0034518622920278494,True
Actin_Solidity_ratio,Actin,-0.0018512325441233377,0.5956448796794935,Mann-Whitney,0.6161843582891312,False
Actin_Extent_ratio,Actin,0.2062352097373837,0.16217987399324685,Mann-Whitney,0.21153896607814804,False
Actin_Fractional_Anisotropy_ratio,Actin,-0.17705983847918794,0.02286043652945488,Mann-Whitney,0.04572087305890976,True
Actin_Major_Axis_µm,Actin,0.4294509968503826,0.0004542073128218543,T-test,0.001362621938465563,True
Actin_Intermediate_Axis_µm,Actin,0.452754760576557,0.00038523465998967395,Mann-Whitney,0.001362621938465563,True
Actin_Minor_Axis_µm,Actin,-0.25229481063226233,0.03530658074486091,Mann-Whitney,0.06619983889661421,False
Mito_Volume_µm³,Mitochondria,0.2784938213560495,0.10291775601691501,Mann-Whitney,0.18161956944161473,False
Mito_Surface_Area_µm²,Mitochondria,0.3321840231670412,0.12720886624838348,Mann-Whitney,0.18938669813305115,False
Mito_Sphericity_ratio,Mitochondria,-0.07398342749196977,0.19793847931093456,Mann-Whitney,0.2427644841644061,False
Mito_Fragment_Count_n,Mitochondria,0.38385456619051406,2.4793440685639217e-05,Mann-Whitney,0.0001364964298945515,True
Mito_Mean_Fragment_Sphericity_ratio,Mitochondria,0.06857636751078866,0.5734300594847519,T-test,0.6143893494479484,False
Mito_Std_Fragment_Sphericity_ratio,Mitochondria,-0.36490669828453787,0.004513578635724703,Mann-Whitney,0.009671954219410077,True
Mito_Min_Fragment_Sphericity_ratio,Mitochondria,0.086078213735724,0.5679478306974676,Mann-Whitney,0.6143893494479484,False
Mito_Max_Fragment_Sphericity_ratio,Mitochondria,-0.10529444459497679,0.1325706886931358,Mann-Whitney,0.18938669813305115,False
Mito_Mean_Fragment_Volume_µm³,Mitochondria,-0.08824576456050238,0.20230373680367175,Mann-Whitney,0.2427644841644061,False
Mito_Junction_Count_n,Mitochondria,0.08323089055915968,0.0003807070959099953,Mann-Whitney,0.001362621938465563,True
Mito_Branch_Count_n,Mitochondria,0.10258905281625134,0.0013003595353184541,Mann-Whitney,0.003250898838296135,True
Mito_Mean_Branch_Length_µm,Mitochondria,0.5730790097663876,7.065989474793472e-06,Mann-Whitney,7.065989474793472e-05,True
Mito_Total_Network_Length_µm,Mitochondria,0.1630937093978729,0.12038192644429067,Mann-Whitney,0.18938669813305115,False
Mito_Mean_Tortuosity_ratio,Mitochondria,-0.6791335771664615,8.025048731604316e-08,Mann-Whitney,2.4075146194812947e-06,True
Mito_Cyclomatic_Number_n,Mitochondria,-0.03308778007505691,0.0004513827426694919,Mann-Whitney,0.001362621938465563,True
Nucleus_Volume_µm³,Nucleus,0.4027014862471598,2.7299285978910302e-05,Mann-Whitney,0.0001364964298945515,True
Nucleus_Sphericity_ratio,Nucleus,-0.1971128307402482,0.11006999649022588,Mann-Whitney,0.18344999415037647,False
Nucleus_Elongation_ratio,Nucleus,-0.025728929947376307,0.7683954870672707,Mann-Whitney,0.7683954870672707,False
Nucleus_Flatness_ratio,Nucleus,0.533995820834134,2.4625095345853085e-05,Mann-Whitney,0.0001364964298945515,True
Nucleus_Solidity_ratio,Nucleus,0.3218934762440258,0.22697058471987785,Mann-Whitney,0.2618891362152437,False
Nucleus_Circularity_ratio,Nucleus,0.6062554788062731,1.6116164928075763e-06,Mann-Whitney,2.4174247392113644e-05,True
