Feature,Organelle,Spearman_r,p,BH_q,Significant
Actin_Volume_µm³,Actin,-0.641687306405365,8.6357883128834e-17,1.29536824693251e-15,True
Actin_Skeleton_Length_µm,Actin,0.35804503661511206,2.3229169578558905e-05,4.099265219745689e-05,True
Actin_Convex_Hull_Volume_µm³,Actin,-0.6978344326286899,1.0222050056441598e-20,3.0666150169324794e-19,True
Actin_Solidity_ratio,Actin,0.1390568779040987,0.11041957731614842,0.13802447164518553,False
Actin_Extent_ratio,Actin,-0.23058905904830096,0.007579125103577297,0.010335170595787225,True
Actin_Fractional_Anisotropy_ratio,Actin,0.36889426428569794,1.2467154436653035e-05,2.3375914568724442e-05,True
Actin_Major_Axis_µm,Actin,-0.4858653060545227,3.063034451395391e-09,1.1486379192732717e-08,True
Actin_Intermediate_Axis_µm,Actin,-0.567233230866055,1.0913495276330111e-12,5.456747638165056e-12,True
Actin_Minor_Axis_µm,Actin,-0.40767852153892953,1.1131842024190889e-06,2.7829605060477222e-06,True
Mito_Volume_µm³,Mitochondria,-0.5772512573625407,3.5131954491577834e-13,2.10791726949467e-12,True
Mito_Surface_Area_µm²,Mitochondria,-0.478274181751552,5.805340803754114e-09,1.9351136012513713e-08,True
Mito_Sphericity_ratio,Mitochondria,0.11242508966849896,0.19760691782197837,0.23712830138637403,False
Mito_Fragment_Count_n,Mitochondria,-0.3247412572860909,0.00013693649038589136,0.00021765036488048415,True
Mito_Mean_Fragment_Sphericity_ratio,Mitochondria,-0.08541361694596455,0.32830806785410016,0.3647867420601113,False
Mito_Std_Fragment_Sphericity_ratio,Mitochondria,0.30596669144772215,0.000341547892463263,0.0005123218386948945,True
Mito_Min_Fragment_Sphericity_ratio,Mitochondria,0.09449012853228109,0.27931932413065763,0.32229152784306647,False
Mito_Max_Fragment_Sphericity_ratio,Mitochondria,0.370938329545718,1.1059779422171554e-05,2.211955884434311e-05,True
Mito_Mean_Fragment_Volume_µm³,Mitochondria,-0.38797340975416483,3.947110509770272e-06,8.458093949507725e-06,True
Mito_Junction_Count_n,Mitochondria,0.32460971284335877,0.00013784523109097328,0.00021765036488048415,True
Mito_Branch_Count_n,Mitochondria,0.24191479204356098,0.005026091811569756,0.007180131159385366,True
Mito_Mean_Branch_Length_µm,Mitochondria,-0.4680201351685935,1.3437979812802962e-08,4.031393943840889e-08,True
Mito_Total_Network_Length_µm,Mitochondria,0.015366959977963827,0.8606412507754273,0.8606412507754273,False
Mito_Mean_Tortuosity_ratio,Mitochondria,0.6304968757836824,4.2064905187056755e-16,4.206490518705675e-15,True
Mito_Cyclomatic_Number_n,Mitochondria,-0.40117281368749413,1.7059620064392608e-06,3.936835399475217e-06,True
Nucleus_Volume_µm³,Nucleus,-0.5026483865513239,7.041255630082825e-10,3.0176809843212106e-09,True
Nucleus_Sphericity_ratio,Nucleus,0.42225242334327195,4.13792432999635e-07,1.128524817271732e-06,True
Nucleus_Elongation_ratio,Nucleus,0.19213830843899846,0.026717738370378802,0.034849223961363654,True
Nucleus_Flatness_ratio,Nucleus,-0.07317135767804411,0.40258662444421045,0.4313428119045112,False
Nucleus_Solidity_ratio,Nucleus,0.02806586680449487,0.7484534424722077,0.774262181867801,False
Nucleus_Circularity_ratio,Nucleus,-0.6120653976390465,4.984624378045812e-15,3.738468283534359e-14,True
