CellName,True_Disease,Treatment,AI_Prediction,Probability_Healthy,Probability_TAA,Rescued
03Asc-0043 +coll 60x veh 48h-Zstack cell1,TAA,Collagen,TAA,0.10427029023128682,0.895729709768713,False
03Asc-0043 +coll 60x veh 48h-Zstack cell2,TAA,Collagen,TAA,0.3764895042496881,0.6235104957503119,False
03Asc-0043 +coll 60x veh 48h-Zstack cell3,TAA,Collagen,TAA,0.4065074409878395,0.5934925590121606,False
03Asc-0043 +coll 60x veh 48h-Zstack cell4,TAA,Collagen,TAA,0.309191411898629,0.690808588101371,False
03Asc-0043 +coll 60x veh 48h-Zstack cell5,TAA,Collagen,TAA,0.14560338603765433,0.8543966139623457,False
03Asc-0051 +Col 60x veh-Zstack Cell1,TAA,Collagen,TAA,0.4790118952674102,0.5209881047325898,False
03Asc-0051 +Col 60x veh-Zstack Cell2,TAA,Collagen,TAA,0.1364884399600842,0.8635115600399158,False
03Asc-0051 +Col 60x veh-Zstack Cell3,TAA,Collagen,TAA,0.1169064805155447,0.8830935194844554,False
03Asc-0051 +Col 60x veh-Zstack Cell4,TAA,Collagen,TAA,0.16108554273645825,0.8389144572635416,False
03Asc-0051 +Col 60x veh-Zstack Cell5,TAA,Collagen,TAA,0.156963144957732,0.8430368550422679,False
03Asc-0055 +Col 60x veh-Zstack Cell1,TAA,Collagen,TAA,0.41497502782596096,0.585024972174039,False
03Asc-0055 +Col 60x veh-Zstack Cell2,TAA,Collagen,Healthy,0.6192914785575468,0.38070852144245315,True
03Asc-0055 +Col 60x veh-Zstack Cell3,TAA,Collagen,Healthy,0.5053089740169079,0.4946910259830921,True
03Asc-0055 +Col 60x veh-Zstack Cell4,TAA,Collagen,Healthy,0.5305179852323313,0.4694820147676687,True
03Asc-0055 +Col 60x veh-Zstack Cell5,TAA,Collagen,Healthy,0.5649702350316087,0.4350297649683913,True
03Asc-0056 +Col 60x veh-Zstack Cell2,TAA,Collagen,TAA,0.363904935552701,0.6360950644472991,False
03Asc-0056 +Col 60x veh-Zstack Cell3,TAA,Collagen,TAA,0.2315823342491087,0.7684176657508911,False
03Asc-0056 +Col 60x veh-Zstack Cell4,TAA,Collagen,Healthy,0.6317664834020141,0.36823351659798575,True
03Asc-0056 +Col 60x veh-Zstack Cell5,TAA,Collagen,TAA,0.41654603901967163,0.5834539609803284,False
03Asc-0056 +Col 60x veh-Zstack Cell6,TAA,Collagen,Healthy,0.5663043369696359,0.43369566303036405,True
03Asc-0057 +Col 60x veh-Zstack Cell1,TAA,Collagen,TAA,0.4042000515236326,0.5957999484763673,False
03Asc-0057 +Col 60x veh-Zstack Cell2,TAA,Collagen,Healthy,0.5205404921432063,0.4794595078567937,True
03Asc-0057 +Col 60x veh-Zstack Cell3,TAA,Collagen,TAA,0.2894599888396597,0.7105400111603403,False
03Asc-0057 +Col 60x veh-Zstack Cell4,TAA,Collagen,TAA,0.4777225090277458,0.5222774909722542,False
03Asc-0057 +Col 60x veh-Zstack Cell5,TAA,Collagen,TAA,0.45319066393668445,0.5468093360633156,False
03Asc-024 +coll 60x veh 48h-Zstack cell1,TAA,Collagen,Healthy,0.5851600726205062,0.4148399273794939,True
03Asc-024 +coll 60x veh 48h-Zstack cell2,TAA,Collagen,TAA,0.4762063443029506,0.5237936556970494,False
03Asc-024 +coll 60x veh 48h-Zstack cell3,TAA,Collagen,TAA,0.16568805245520607,0.8343119475447938,False
03Asc-024 +coll 60x veh 48h-Zstack cell4,TAA,Collagen,TAA,0.3099226515610668,0.690077348438933,False
03Asc-024 +coll 60x veh 48h-Zstack cell5,TAA,Collagen,TAA,0.46233039543932253,0.5376696045606776,False
03Asc46 +coll 60x veh 48h-Zstack cell1,TAA,Collagen,TAA,0.29535816099038675,0.7046418390096133,False
03Asc46 +coll 60x veh 48h-Zstack cell2,TAA,Collagen,TAA,0.14092788118970268,0.8590721188102972,False
03Asc46 +coll 60x veh 48h-Zstack cell3,TAA,Collagen,Healthy,0.5982469439020381,0.40175305609796186,True
03Asc46 +coll 60x veh 48h-Zstack cell4,TAA,Collagen,Healthy,0.7398163726973072,0.2601836273026932,True
03Asc46 +coll 60x veh 48h-Zstack cell5,TAA,Collagen,TAA,0.38007959311808315,0.619920406881917,False
03Asc47 +coll 60x veh 48h-Zstack cell1,TAA,Collagen,TAA,0.23310794143059016,0.7668920585694099,False
03Asc47 +coll 60x veh 48h-Zstack cell2,TAA,Collagen,TAA,0.4505726034935137,0.5494273965064864,False
03Asc47 +coll 60x veh 48h-Zstack cell3,TAA,Collagen,TAA,0.15127530713186121,0.8487246928681387,False
03Asc47 +coll 60x veh 48h-Zstack cell4,TAA,Collagen,TAA,0.4383293572353502,0.5616706427646497,False
03Asc47 +coll 60x veh 48h-Zstack cell5,TAA,Collagen,TAA,0.20486180158696043,0.7951381984130395,False
03Rt-0045 +coll 60x veh 48h-Zstack cell1,TAA,Collagen,TAA,0.059774850341838645,0.9402251496581613,False
03Rt-0045 +coll 60x veh 48h-Zstack cell2,TAA,Collagen,TAA,0.26873481138049676,0.7312651886195033,False
03Rt-0045 +coll 60x veh 48h-Zstack cell3,TAA,Collagen,TAA,0.39073040868888415,0.609269591311116,False
03Rt-0045 +coll 60x veh 48h-Zstack cell4,TAA,Collagen,TAA,0.250652277990471,0.749347722009529,False
03Rt-0045 +coll 60x veh 48h-Zstack cell5,TAA,Collagen,TAA,0.10765231772428682,0.8923476822757129,False
