Feature,Organelle,n_male,n_female,Cohen_d,p,BH_q,Significant
Actin_Convex_Hull_Volume_µm³,Actin,10,11,0.8775646880662371,0.012425126520044185,0.36032866908128136,False
Actin_Extent_ratio,Actin,10,11,0.6641838105258803,0.4180519085356006,0.7016040072525448,False
Actin_Fractional_Anisotropy_ratio,Actin,10,11,-0.3443464744792152,0.2750629920777592,0.6136020592503859,False
Actin_Intermediate_Axis_µm,Actin,10,11,0.7096940233736317,0.1300297963838358,0.5587334183967287,False
Actin_Major_Axis_µm,Actin,10,11,0.6869439149982065,0.3787382518865303,0.7016040072525448,False
Actin_Minor_Axis_µm,Actin,10,11,-0.05494406729114723,0.9719131339533064,0.9719131339533064,False
Actin_Skeleton_Length_µm,Actin,10,11,-0.1364319648963545,0.5974062696275562,0.8249896104380537,False
Actin_Solidity_ratio,Actin,10,11,-0.022565417458017135,0.7513343125576336,0.9473345680074511,False
Actin_Volume_µm³,Actin,10,11,0.8521343431041905,0.14886094830032745,0.5587334183967287,False
Mito_Branch_Count_n,Mitochondria,10,11,0.3238832132742962,0.5035147104262714,0.7300963301180935,False
Mito_Cyclomatic_Number_n,Mitochondria,10,11,-0.2765400128606163,0.915878445665947,0.9719131339533064,False
Mito_Fragment_Count_n,Mitochondria,10,11,0.7525680440924646,0.08448458362150606,0.4900105850047351,False
Mito_Junction_Count_n,Mitochondria,10,11,0.30665237643039395,0.6471563379312674,0.8530697181821252,False
Mito_Max_Fragment_Sphericity_ratio,Mitochondria,10,11,-0.2013252403794666,0.3771847562432128,0.7016040072525448,False
Mito_Mean_Branch_Length_µm,Mitochondria,10,11,0.8822235114055699,0.06203104181536411,0.44972505316138983,False
Mito_Mean_Fragment_Sphericity_ratio,Mitochondria,10,11,-0.12706190732642905,0.4596715909585638,0.7016040072525448,False
Mito_Mean_Fragment_Volume_µm³,Mitochondria,10,11,0.5256087339704841,0.4180519085356006,0.7016040072525448,False
Mito_Mean_Tortuosity_ratio,Mitochondria,10,11,-0.9863801846340088,0.037771348951416615,0.44972505316138983,False
Mito_Min_Fragment_Sphericity_ratio,Mitochondria,10,11,-0.20678838786184514,0.9719131339533064,0.9719131339533064,False
Mito_Sphericity_ratio,Mitochondria,10,11,-0.31901852304368244,0.4596715909585638,0.7016040072525448,False
Mito_Std_Fragment_Sphericity_ratio,Mitochondria,10,11,-0.6215576318859249,0.2750629920777592,0.6136020592503859,False
Mito_Surface_Area_µm²,Mitochondria,10,11,0.7232759430017304,0.2452781168067728,0.6136020592503859,False
Mito_Total_Network_Length_µm,Mitochondria,10,11,0.39475861074666185,0.915878445665947,0.9719131339533064,False
Mito_Volume_µm³,Mitochondria,10,11,0.9374659435392091,0.05280751141611358,0.44972505316138983,False
Nucleus_Elongation_ratio,Nucleus,10,11,0.026728043195344102,0.8053241706182483,0.9719131339533064,False
Nucleus_Flatness_ratio,Nucleus,10,11,0.6504651646453525,0.16970614227251246,0.5587334183967287,False
Nucleus_Solidity_ratio,Nucleus,10,11,0.023265439077359566,0.9719131339533064,0.9719131339533064,False
Nucleus_Sphericity_ratio,Nucleus,10,11,-0.804374390110802,0.1923794557848213,0.5587334183967287,False
Nucleus_Volume_µm³,Nucleus,10,11,0.6778914275763952,0.19266669599887198,0.5587334183967287,False
