Disease,Feature,Organelle,Cohen_d,p,N_pairs,BH_q,Significant
TAA,Actin_Convex_Hull_Volume_µm³,Actin,-0.15775394720591512,0.375,10,0.8035714285714286,False
TAA,Actin_Extent_ratio,Actin,0.9577652036291732,0.02734375,10,0.38671875,False
TAA,Actin_Fractional_Anisotropy_ratio,Actin,0.26050678118210313,1.0,10,1.0,False
TAA,Actin_Intermediate_Axis_µm,Actin,-0.07612355087774199,1.0,10,1.0,False
TAA,Actin_Major_Axis_µm,Actin,0.22978155738395525,0.375,10,0.8035714285714286,False
TAA,Actin_Minor_Axis_µm,Actin,-0.24816719480662094,0.4921875,10,0.8685661764705882,False
TAA,Actin_Skeleton_Length_µm,Actin,0.11364721505379345,0.921875,10,1.0,False
TAA,Actin_Solidity_ratio,Actin,0.7435366371877797,0.048828125,10,0.38671875,False
TAA,Actin_Volume_µm³,Actin,0.08574682640157198,0.625,10,0.9375,False
TAA,Mito_Branch_Count_n,Mitochondria,-0.20214717326293388,0.193359375,10,0.697265625,False
TAA,Mito_Cyclomatic_Number_n,Mitochondria,0.2130988540554705,0.064453125,10,0.38671875,False
TAA,Mito_Fragment_Count_n,Mitochondria,0.4940596460268097,0.30078125,10,0.8035714285714286,False
TAA,Mito_Junction_Count_n,Mitochondria,-0.21111608182215344,0.064453125,10,0.38671875,False
TAA,Mito_Max_Fragment_Sphericity_ratio,Mitochondria,-0.12804203160269215,0.6953125,10,0.9481534090909092,False
TAA,Mito_Mean_Branch_Length_µm,Mitochondria,0.14718400507602986,0.130859375,10,0.5608258928571428,False
TAA,Mito_Mean_Fragment_Sphericity_ratio,Mitochondria,-0.41979327976904707,0.921875,10,1.0,False
TAA,Mito_Mean_Fragment_Volume_µm³,Mitochondria,-0.6403535831062245,0.02734375,10,0.38671875,False
TAA,Mito_Mean_Tortuosity_ratio,Mitochondria,-0.26545120262248334,0.232421875,10,0.697265625,False
TAA,Mito_Min_Fragment_Sphericity_ratio,Mitochondria,0.3028536432313676,0.130859375,10,0.5608258928571428,False
TAA,Mito_Sphericity_ratio,Mitochondria,-0.1795073078727856,0.76953125,10,0.9619140625,False
TAA,Mito_Std_Fragment_Sphericity_ratio,Mitochondria,-0.23131388480648002,0.4921875,10,0.8685661764705882,False
TAA,Mito_Surface_Area_µm²,Mitochondria,-0.14145520816823418,0.431640625,10,0.86328125,False
TAA,Mito_Total_Network_Length_µm,Mitochondria,-0.19900361369395908,0.232421875,10,0.697265625,False
TAA,Mito_Volume_µm³,Mitochondria,-0.14518162944471683,0.625,10,0.9375,False
TAA,Nucleus_Circularity_ratio,Nucleus,0.0,,10,1.0,False
TAA,Nucleus_Elongation_ratio,Nucleus,0.6093974851234669,0.322265625,10,0.8035714285714286,False
TAA,Nucleus_Flatness_ratio,Nucleus,0.215195247402924,0.556640625,10,0.927734375,False
TAA,Nucleus_Solidity_ratio,Nucleus,-0.1420042236564268,0.76953125,10,0.9619140625,False
TAA,Nucleus_Sphericity_ratio,Nucleus,-0.10394536130517275,0.6875,10,0.9481534090909092,False
TAA,Nucleus_Volume_µm³,Nucleus,-0.0163037380832888,1.0,10,1.0,False
BAV,Actin_Convex_Hull_Volume_µm³,Actin,0.34623816979139477,0.625,4,1.0,False
BAV,Actin_Extent_ratio,Actin,-0.7003054744904795,1.0,4,1.0,False
BAV,Actin_Fractional_Anisotropy_ratio,Actin,0.2115801258955174,0.875,4,1.0,False
BAV,Actin_Intermediate_Axis_µm,Actin,0.07414852476296545,0.875,4,1.0,False
BAV,Actin_Major_Axis_µm,Actin,0.5434465164049255,0.25,4,1.0,False
BAV,Actin_Minor_Axis_µm,Actin,0.21920972858348117,0.625,4,1.0,False
BAV,Actin_Skeleton_Length_µm,Actin,-0.14051017058132836,1.0,4,1.0,False
BAV,Actin_Solidity_ratio,Actin,-0.8674827117931097,0.25,4,1.0,False
BAV,Actin_Volume_µm³,Actin,-0.05588727259760564,1.0,4,1.0,False
BAV,Mito_Branch_Count_n,Mitochondria,-0.23536592945351856,1.0,4,1.0,False
BAV,Mito_Cyclomatic_Number_n,Mitochondria,-0.17736488393359895,0.875,4,1.0,False
BAV,Mito_Fragment_Count_n,Mitochondria,-0.7417448437354285,0.25,4,1.0,False
BAV,Mito_Junction_Count_n,Mitochondria,-0.18724482709456755,0.875,4,1.0,False
BAV,Mito_Max_Fragment_Sphericity_ratio,Mitochondria,-0.14274130557797504,0.625,4,1.0,False
BAV,Mito_Mean_Branch_Length_µm,Mitochondria,0.04053176047125508,0.625,4,1.0,False
BAV,Mito_Mean_Fragment_Sphericity_ratio,Mitochondria,0.11293150491790012,0.375,4,1.0,False
BAV,Mito_Mean_Fragment_Volume_µm³,Mitochondria,-0.5055059489462383,0.625,4,1.0,False
BAV,Mito_Mean_Tortuosity_ratio,Mitochondria,0.9908372360900973,0.25,4,1.0,False
BAV,Mito_Min_Fragment_Sphericity_ratio,Mitochondria,0.20505573339782113,1.0,4,1.0,False
BAV,Mito_Sphericity_ratio,Mitochondria,0.586367038679863,0.875,4,1.0,False
BAV,Mito_Std_Fragment_Sphericity_ratio,Mitochondria,-0.5237585151613555,0.625,4,1.0,False
BAV,Mito_Surface_Area_µm²,Mitochondria,-0.31167163086030725,0.625,4,1.0,False
BAV,Mito_Total_Network_Length_µm,Mitochondria,-0.2445132809881754,0.875,4,1.0,False
BAV,Mito_Volume_µm³,Mitochondria,-0.30610990454639525,0.625,4,1.0,False
BAV,Nucleus_Circularity_ratio,Nucleus,-0.31014898324017026,0.625,4,1.0,False
BAV,Nucleus_Elongation_ratio,Nucleus,-1.154157569934962,0.125,4,1.0,False
BAV,Nucleus_Flatness_ratio,Nucleus,0.08460244791749316,0.875,4,1.0,False
BAV,Nucleus_Solidity_ratio,Nucleus,-0.46264483198864,0.625,4,1.0,False
BAV,Nucleus_Sphericity_ratio,Nucleus,0.636975817166608,0.25,4,1.0,False
BAV,Nucleus_Volume_µm³,Nucleus,-0.04081286979540709,0.875,4,1.0,False
