Filename,Voxel_Z,Voxel_Y,Voxel_X,Volume,Surface_Area,Sphericity,Fragment_Count,Mean_Fragment_Sphericity,Std_Fragment_Sphericity,Min_Fragment_Sphericity,Max_Fragment_Sphericity,Mean_Fragment_Volume,Junction_Count,Branch_Count,Mean_Branch_Length,Total_Network_Length,Mean_Tortuosity,Cyclomatic_Number
Mito_Test_0001.nii.gz,1.0,1.0,1.0,787050.0,544659.94,0.07568797884752666,226,0.6386770917290185,0.17093281519599932,0.08310838464559943,0.9585862269468054,6556.933333333333,36387,75991,2.3019440911955225,174927.03343403895,inf,4374
Mito_Test_0002.nii.gz,1.0,1.0,1.0,494165.0,370108.38,0.0816713749185926,133,0.6556026478939418,0.15041283210511944,0.08505453962458241,0.8976605518424148,6958.507042253521,18012,37145,2.456182558453166,91234.90113374285,inf,2824
Mito_Test_0003.nii.gz,1.0,1.0,1.0,764592.0,589455.3,0.06859930852705041,178,0.6325750076551299,0.1676603593750534,0.07250650685161956,0.935098484526186,6949.881818181818,36128,75213,2.2983688721890667,172867.21798395627,inf,4585
Mito_Test_0004.nii.gz,1.0,1.0,1.0,700656.0,412813.56,0.09241306994567451,198,0.6696013530803715,0.14073001358094614,0.09808660928634662,0.9427914952339643,5987.196581196581,35661,75157,2.2052806756497123,165742.27973980544,inf,2975
Mito_Test_0005.nii.gz,1.0,1.0,1.0,554345.0,418090.16,0.07805503783129242,485,0.657014308004346,0.18156704957410286,0.08580295614380035,0.9488807337083048,5827.136842105263,23766,48988,2.364066475326258,115810.88849328273,inf,3512
Mito_Test_0006.nii.gz,1.0,1.0,1.0,556700.0,374217.75,0.0874528341992431,328,0.7374478541852194,0.19989696078817293,0.11697998247877578,1.176368027875465,1825.0950819672132,22030,46255,2.3980306260903452,110920.90660980891,inf,2321
Mito_Test_0007.nii.gz,1.0,1.0,1.0,440944.0,371677.88,0.07537714893356454,200,0.6284189742181102,0.1763750859537586,0.08879519658902259,0.9423459294242149,2958.8590604026845,16502,33930,2.459985889671726,83467.32123656166,inf,2937
Mito_Test_0008.nii.gz,1.0,1.0,1.0,429493.0,366803.12,0.07505077088370456,260,0.7406383546865545,0.1860463137763519,0.0886969553139755,1.0658665628527444,1875.3318777292577,11406,23562,2.7805069707760692,65514.30524542574,inf,1985
Mito_Test_0009.nii.gz,1.0,1.0,1.0,422166.0,193801.0,0.14042689069691822,66,0.8135665131340687,0.17700079666697094,0.1424807309786762,1.0706558756369164,15075.67857142857,20696,43338,2.2251208104993028,96432.28568541878,inf,1466
Mito_Test_0010.nii.gz,1.0,1.0,1.0,410977.0,275206.88,0.0971336832721687,49,0.6618564507484316,0.20863969354659354,0.10070405313560406,0.9416301845953682,12453.121212121212,15042,31255,2.43059773586923,75968.33223459279,inf,1933
Mito_Test_0011.nii.gz,1.0,1.0,1.0,502501.0,409624.8,0.07462009926962221,200,0.6419089959782339,0.17306171654138533,0.08294083663273227,0.94490561132312,3349.153333333333,17408,36301,2.519939199309192,91476.31287412299,inf,2833
Mito_Test_0012.nii.gz,1.0,1.0,1.0,437663.0,294199.66,0.09475493808266562,220,0.7378182685375861,0.15326402803603512,0.1036057516645798,0.9909245680692836,2558.812865497076,15272,31963,2.411726841085702,77086.02502162229,inf,1606
Mito_Test_0013.nii.gz,1.0,1.0,1.0,343758.0,113877.16,0.2083928050166795,208,0.9995873787019062,0.3244579961734406,0.24918223173533574,1.8557944613959976,4836.7464788732395,12203,25757,2.3626659495010527,60855.186861298615,inf,773
Mito_Test_0014.nii.gz,1.0,1.0,1.0,167335.0,37535.934,0.391226346909822,43,0.8705572697377071,0.1497355326304489,0.5111208171607426,1.4172596274990583,4647.555555555556,5272,11154,2.3420335690229765,26123.04242888228,inf,85
Mito_Test_0015.nii.gz,1.0,1.0,1.0,124480.0,47563.54,0.25347960160151983,112,1.0253168837109496,0.34714428866720654,0.2958113924199428,1.7622904270264046,1776.7428571428572,4982,10452,2.3052922957426216,24094.915075101882,inf,245
Mito_Test_0016.nii.gz,1.0,1.0,1.0,144089.0,133025.48,0.09991633460593502,509,0.7557841849369386,0.23372603296035765,0.10680987461539473,1.4814837044216767,1811.4050632911392,7632,15170,2.548851235917608,38666.07324887012,inf,2058
Mito_Test_0017.nii.gz,1.0,1.0,1.0,448974.0,237420.53,0.11942996726767642,238,0.6396620076623545,0.1704842844228716,0.12355265655663,0.9156925646446482,9968.111111111111,22544,46784,2.268482539498616,106128.68712790326,inf,2670
Mito_Test_0018.nii.gz,1.0,1.0,1.0,324508.0,181795.38,0.1256179107628942,185,0.7401860912318364,0.159866077414195,0.13392146793223053,1.0422587062399813,3343.463917525773,10332,21616,2.491042950098922,53846.384409338294,inf,1244
Mito_Test_0019.nii.gz,1.0,1.0,1.0,394510.0,198382.52,0.13112517338682841,286,0.6717432231709519,0.19483324504191638,0.14954538776577084,1.3099900042884696,3456.6754385964914,14838,31105,2.448633615715884,76164.74861684258,inf,1398
Mito_Test_0020.nii.gz,1.0,1.0,1.0,469631.0,152844.97,0.19116313673546978,148,0.7464223113994707,0.15677695483617052,0.2162308347438667,1.0330879441426237,4388.2336448598135,14940,31558,2.514345876811772,79347.7271804259,inf,844
Mito_Test_0021.nii.gz,1.0,1.0,1.0,285619.0,123674.58,0.169587986191837,184,1.025850860973324,0.29238351216580566,0.1978729096742582,1.8045480882728975,2460.4224137931033,9359,19719,2.37831753898715,46898.043551287614,inf,644
Mito_Test_0022.nii.gz,1.0,1.0,1.0,467796.0,208623.38,0.1396879123664255,264,0.7574779176533024,0.16219699766908602,0.15322653717024023,1.0854901645105566,3224.2965517241378,16714,34960,2.3786416962791077,83157.3137019176,inf,1458
Mito_Test_0023.nii.gz,1.0,1.0,1.0,560318.0,343773.06,0.095609709265219,337,0.9362822831324832,0.3130528416537265,0.09840072680581181,1.7022602031529515,5088.345454545454,34369,71238,2.200619794280821,156767.75290497715,inf,4071
Mito_Test_0024.nii.gz,1.0,1.0,1.0,396111.0,242734.44,0.10745599856966669,143,0.805796346294909,0.3314122336591572,0.10916772251355888,1.6774810262923288,10417.684210526315,18669,38650,2.3187544252204613,89619.85853477083,inf,2354
Mito_Test_0025.nii.gz,1.0,1.0,1.0,463189.0,336216.0,0.08610689035800384,125,0.6244732786289529,0.20338134298360264,0.0910065894112564,1.0096639625310155,9850.91489361702,26021,53715,2.257631130186911,121268.65615798993,inf,3512
Mito_Test_0026.nii.gz,1.0,1.0,1.0,538312.0,372868.16,0.08582586780093324,223,0.6684793023597884,0.17044219500496252,0.08728984867051405,0.9375448254052933,11694.739130434782,31563,64571,2.2722075879479937,146718.7161613899,inf,4927
Mito_Test_0027.nii.gz,1.0,1.0,1.0,513258.0,344845.66,0.08989796265111828,160,0.6606179770458599,0.17530808254149363,0.09466415804284564,1.0488703947115234,6108.130952380952,28255,58625,2.2402905390630683,131337.0328525724,inf,3741
Mito_Test_0028.nii.gz,1.0,1.0,1.0,42408.0,42382.832,0.13875841987398607,283,0.9215763575440532,0.352178200491479,0.17018511196903222,1.7560557972594029,1163.6666666666667,2500,4913,2.707005139537572,13299.516250548091,inf,759
Mito_Test_0029.nii.gz,1.0,1.0,1.0,370420.0,281293.56,0.08867215898835781,164,0.737102382523565,0.3607276404833696,0.0987478651317722,1.785335805622224,6169.6,17888,36530,2.3591247157152604,86178.82586507846,inf,2982
Mito_Test_0030.nii.gz,1.0,1.0,1.0,222236.0,160000.53,0.11089338512859376,196,0.8747036091225563,0.35048666158532477,0.12368357841304935,1.8461579739236476,3125.1408450704225,7743,15847,2.586660573316627,40990.81010534859,inf,1515
Mito_Test_0031.nii.gz,1.0,1.0,1.0,391501.0,257077.83,0.10067185847906697,198,0.840338305572861,0.3174297132789002,0.10677855279991469,1.7715168075676662,4299.67032967033,18802,38860,2.3040561486685,89535.6219372579,inf,2454
Mito_Test_0032.nii.gz,1.0,1.0,1.0,387044.0,231992.4,0.11070925151516511,460,1.010933725173777,0.3735644251232106,0.11829543904848332,1.8557944613959976,2758.635714285714,18161,37527,2.3875148410766043,89596.26944108173,inf,2469
Mito_Test_0033.nii.gz,1.0,1.0,1.0,99438.0,90757.04,0.114368228191305,144,0.6853410882688665,0.17673194064645384,0.20432075833333277,1.2447294865368206,788.8174603174604,1369,2905,3.0455810776038317,8847.413030439131,inf,248
Mito_Test_0034.nii.gz,1.0,1.0,1.0,199094.0,158343.12,0.10413347487528148,196,0.6967964899425514,0.1590135631782203,0.150876323667333,1.139101040023179,1087.7814207650274,4720,9968,2.537810981561418,25296.899864204213,inf,538
Mito_Test_0035.nii.gz,1.0,1.0,1.0,99714.0,83835.74,0.12403921331611166,52,0.6718277877691101,0.16389690916155916,0.14095132430624277,0.9523290329714518,2121.3617021276596,1807,3712,2.9692793279913685,11021.96486550396,inf,355
Mito_Test_0036.nii.gz,1.0,1.0,1.0,109335.0,70638.47,0.15653651266149377,46,0.6961291870498488,0.16054717262176324,0.18451147827193057,0.8991149221221328,2542.6046511627906,2409,5108,2.5364706291571975,12956.291973734966,inf,224
Mito_Test_0037.nii.gz,1.0,1.0,1.0,229976.0,198762.97,0.09132793969546349,289,0.6910553081743859,0.1435835307865811,0.13494655144084225,0.9985999039265818,898.03125,6140,12853,2.5297771455442386,32515.2256516801,inf,951
Mito_Test_0038.nii.gz,1.0,1.0,1.0,197802.0,110908.39,0.14802673955669088,57,0.6776380661943149,0.15664711760895952,0.17349496257808178,0.9866251871997502,3955.9,6425,13503,2.370594832364584,32010.14202141898,inf,604
Mito_Test_0039.nii.gz,1.0,1.0,1.0,163166.0,133531.5,0.10814011860089214,104,0.695679750948782,0.18528154404243738,0.14063495626204597,1.319490623876866,1699.5104166666667,4618,9622,2.4871159870442927,23931.030027340184,inf,668
Mito_Test_0040.nii.gz,1.0,1.0,1.0,96380.0,71566.99,0.14204609773559643,74,0.7522685863357514,0.22228673572813257,0.20261215403006427,1.6349912029809592,1482.553846153846,2984,6199,2.5400210494010813,15745.590485237302,inf,484
Mito_Test_0041.nii.gz,1.0,1.0,1.0,74174.0,54368.57,0.15702567836442993,30,0.6167661532381264,0.17964363574563313,0.1900310419312751,0.9337770499330524,3224.521739130435,3046,6391,2.323913872013361,14852.133556037392,inf,371
Mito_Test_0042.nii.gz,1.0,1.0,1.0,161146.0,122449.26,0.11695200022072089,119,0.6836921165613586,0.15774826694230382,0.15653829497869792,1.0181147173415954,1464.8545454545454,5029,10389,2.4584038704052125,25540.357809639754,inf,756
Mito_Test_0043.nii.gz,1.0,1.0,1.0,587540.0,387447.56,0.08755806409175926,190,0.611506519508528,0.18459057675266247,0.09233440737791523,0.9558646609577229,8637.029411764706,35215,73168,2.2246280119787705,162771.58238046267,inf,4113
Mito_Test_0044.nii.gz,1.0,1.0,1.0,340133.0,192465.72,0.1224324626158524,54,0.5310938633270221,0.17219206938150203,0.13393996256145782,0.8856780731489207,12595.111111111111,14760,30843,2.2845343623439356,70461.893337774,inf,1560
Mito_Test_0045.nii.gz,1.0,1.0,1.0,163203.0,121070.305,0.11928850092375683,134,0.7016861887757707,0.1726800052588524,0.1415027411486763,1.0511806414875442,1599.3725490196077,5528,11671,2.4614228180528634,28727.265709494968,inf,619
Mito_Test_0046.nii.gz,1.0,1.0,1.0,354307.0,304581.62,0.07949996062901481,195,0.5734939322359571,0.18221540765696162,0.10918327751112579,0.9818864148456246,2976.4621848739494,12115,25239,2.474079980526334,62443.30462850415,inf,1951
Mito_Test_0047.nii.gz,1.0,1.0,1.0,161333.0,104917.92,0.13659975414690936,63,0.6899014937207907,0.17055342457461478,0.16088041426396948,0.9548071060214186,3102.2884615384614,3380,7075,2.7973311689295266,19791.1180201764,inf,513
Mito_Test_0048.nii.gz,1.0,1.0,1.0,124809.0,115414.195,0.10464588749575927,132,0.67191144522576,0.18118761816511625,0.16101993408091186,0.9918266033448038,1124.036036036036,3406,7098,2.7416162917771403,19459.99243903414,inf,552
Mito_Test_0049.nii.gz,1.0,1.0,1.0,426977.0,340453.66,0.0805432425309577,284,0.6254113423060225,0.16439878736579275,0.09467461273319801,0.9741848075552814,2735.7051282051284,20113,41263,2.341566902752291,96620.07510826777,inf,3371
Mito_Test_0050.nii.gz,1.0,1.0,1.0,373342.0,221715.34,0.11309053923929974,141,0.5803815971755215,0.18776649804482115,0.1312940987662672,0.9632392732414611,7041.056603773585,16635,34465,2.3417944754096887,80709.94659499492,inf,2208
Mito_Test_0051.nii.gz,1.0,1.0,1.0,139372.0,96943.5,0.13409598789204955,86,0.6944668724903375,0.18952370680989972,0.17284321796508878,1.0178205536241574,2283.72131147541,3997,8360,2.5416330432959797,21248.052241954392,inf,597
Mito_Test_0052.nii.gz,1.0,1.0,1.0,155912.0,116462.54,0.12028668752912618,89,0.7034925819350558,0.16105662414975663,0.1338876941624157,0.9615665904175298,2165.0416666666665,5627,11759,2.4120802845858753,28363.652066445306,inf,762
Mito_Test_0053.nii.gz,1.0,1.0,1.0,198530.0,195527.06,0.08417077846812562,361,0.6696361836945253,0.15538907205075592,0.1328361611310466,1.0377453878291465,663.4046822742475,5832,12091,2.588290367358922,31295.01883173673,inf,1186
Mito_Test_0054.nii.gz,1.0,1.0,1.0,194819.0,170054.19,0.09556913759383019,420,0.7411869489375865,0.14210548924221758,0.1303073179040433,1.0802263457061625,596.8527607361963,4788,9855,2.707168574452238,26679.146301226807,inf,1025
Mito_Test_0055.nii.gz,1.0,1.0,1.0,228366.0,239022.5,0.07559034079040464,2384,0.6864537898795028,0.1762615499874606,0.11678717808060732,1.6157781151360011,308.3873626373626,5754,12199,3.020824790483539,36851.04161910869,inf,1639
Mito_Test_0056.nii.gz,1.0,1.0,1.0,139900.0,202613.25,0.06432227916736273,938,0.7342031527494213,0.15471196454604702,0.08230070129806769,0.9974842518415881,295.2659574468085,4983,9703,2.8153559896699782,27317.3991677678,inf,1942
Mito_Test_0057.nii.gz,1.0,1.0,1.0,1371243.0,1.3335985e+06,0.044757790782176156,1110,0.6860461222929692,0.1547587078464588,0.046799440121327925,1.0217145826005676,4226.481481481482,99571,207951,2.141189108154908,445262.4162299213,inf,13272
Mito_Test_0058.nii.gz,1.0,1.0,1.0,141800.0,173115.97,0.0759622490591476,311,0.6673372717463715,0.17681823844452602,0.10265598890714624,1.0601360831926014,629.3511111111111,4479,8594,2.9638128127133485,25471.007312458518,inf,1565
Mito_Test_0059.nii.gz,1.0,1.0,1.0,200706.0,164300.38,0.10089875487752947,169,0.6737902402592724,0.1613376747611377,0.13655514550228368,0.9420728479153594,1433.1785714285713,5085,10478,2.6375011404006328,27635.736949117832,inf,1001
Mito_Test_0060.nii.gz,1.0,1.0,1.0,214468.0,116591.84,0.14861328093817885,154,0.777936422420924,0.12410620906419242,0.19746158960836258,1.055226701435595,1715.312,4657,9860,2.5902269337490815,25539.637566765945,inf,671
Mito_Test_0061.nii.gz,1.0,1.0,1.0,120585.0,82494.17,0.14308355297213726,100,0.7260523152337953,0.15949924359670917,0.17506632160335717,1.0891395963589838,1369.965909090909,3975,8287,2.4351843146219934,20180.37241527246,inf,535
Mito_Test_0062.nii.gz,1.0,1.0,1.0,177770.0,133474.25,0.11454925884169068,230,0.7174842907195468,0.14378458406239508,0.26439689412763134,1.0179830122487483,871.1764705882352,2666,5734,2.85236904059811,16355.484078789563,inf,482
Mito_Test_0063.nii.gz,1.0,1.0,1.0,275904.0,228415.44,0.0897285541871173,320,0.7057543767006942,0.1392982298968748,0.10910942854141081,1.0471098976642181,1209.1973684210527,6030,12640,2.7132354857265235,34295.29653958326,inf,942
Mito_Test_0064.nii.gz,1.0,1.0,1.0,347169.0,239083.42,0.09991452324829717,285,0.7615271002785233,0.14889531950284812,0.11467836825152009,1.0637907408398461,1644.3601895734598,10218,21266,2.5494289889592383,54216.15687920716,inf,1500
Mito_Test_0065.nii.gz,1.0,1.0,1.0,388544.0,348596.97,0.07386760010138144,349,0.6549219450930724,0.1791495601869897,0.08120374471816072,0.9609190902085633,2042.9368421052632,11140,22791,2.9008480409521846,66113.22770134124,inf,2408
Mito_Test_0066.nii.gz,1.0,1.0,1.0,347786.0,226107.6,0.10577354014108935,232,0.766299822980875,0.18271911588281253,0.1334045090270437,1.4040555669415566,1975.3636363636363,8572,17774,2.661563538853864,47306.63033958858,inf,1229
Mito_Test_0067.nii.gz,1.0,1.0,1.0,170349.0,183046.78,0.0811861138805424,619,0.7067969592576722,0.1720078589550811,0.14365231409748078,1.1851296570021703,421.80845771144277,1642,3442,5.316323574041982,18298.7857418525,inf,486
Mito_Test_0068.nii.gz,1.0,1.0,1.0,51853.0,67846.6,0.0991148248214477,388,0.7406155363779624,0.1617744694442313,0.18938369129459934,1.0861229123385694,176.89690721649484,639,1499,4.112144097121113,6164.104001584548,inf,184
Mito_Test_0069.nii.gz,1.0,1.0,1.0,843698.0,668376.3,0.06460325808120021,357,0.6281971375762156,0.16587104953721155,0.06836282539563898,0.9566791976481401,4094.0436893203882,43257,90058,2.2827012623589686,205575.510285524,inf,5845
Mito_Test_0070.nii.gz,1.0,1.0,1.0,395304.0,395261.25,0.06590029479318335,390,0.6446156513314052,0.1625366804034636,0.08618198462270593,1.0058008595940107,1325.9093959731545,10704,22338,2.6650738098452664,59532.418764323564,inf,2044
Mito_Test_0071.nii.gz,1.0,1.0,1.0,797282.0,677797.1,0.06134686514453637,409,0.6408111289407287,0.1637642879202666,0.06602004396036383,1.00355947633957,3449.8874458874457,47375,98554,2.228536224598569,219631.15907908737,inf,6842
Mito_Test_0072.nii.gz,1.0,1.0,1.0,358939.0,304836.16,0.08012439192955494,272,0.726268232961649,0.15722405220519148,0.08833891730085482,1.0211568441468857,1793.725,7167,14759,2.949258930166929,43528.11255033371,inf,1460
Mito_Test_0073.nii.gz,1.0,1.0,1.0,881934.0,1.0359824e+06,0.042929498462198304,3529,0.6866341895619158,0.15161735302389354,0.045239434826874356,1.0329151741419362,2010.5816091954023,44169,86870,2.6133034636284522,227017.67188540366,inf,12418
Mito_Test_0074.nii.gz,1.0,1.0,1.0,992352.0,911694.25,0.052773035437225786,1608,0.6354317464852444,0.15195380251569024,0.05537879207542747,1.0169537746873978,3459.632867132867,46179,93950,2.443832631051592,229598.07568729704,inf,9804
Mito_Test_0075.nii.gz,1.0,1.0,1.0,87873.0,114903.734,0.08318664644796125,1078,0.8525494121402011,0.1840726539313165,0.22637747257087987,1.6208302461661288,108.07481296758105,1066,2718,3.740518083796482,10166.728151758838,inf,344
Mito_Test_0076.nii.gz,1.0,1.0,1.0,202420.0,237946.81,0.07006586910348278,757,0.7107466140861624,0.16611693994803375,0.10980959358362535,1.0511807296003262,439.63398692810455,8135,16429,2.66234369444946,43739.64455611018,inf,2210
Mito_Test_0077.nii.gz,1.0,1.0,1.0,1626925.0,1.6923116e+06,0.03952896791436006,3442,0.6660821251803128,0.16232050356496425,0.04046429961432207,1.0689233517207608,5062.3125,85913,172953,2.451307297696174,423960.9510584464,inf,19702
Mito_Test_0078.nii.gz,1.0,1.0,1.0,280797.0,269527.94,0.07693819243025099,909,0.7716536670826869,0.16395922041500752,0.09914477551566903,1.0689233517207608,470.7693602693603,10953,22583,2.538334642914083,57323.21124092874,inf,2343
Mito_Test_0079.nii.gz,1.0,1.0,1.0,134543.0,135631.34,0.09361917251429916,280,0.7104351843541267,0.180745639935203,0.12014313301774428,1.038265643301747,733.7049180327868,4137,8251,2.8235567839577844,23297.16702443568,inf,1095
Mito_Test_0080.nii.gz,1.0,1.0,1.0,494942.0,354215.6,0.08542519668544844,260,0.6850420653059225,0.16646340120984393,0.09393007913040895,0.9974842518415881,2893.2631578947367,29446,61095,2.228307264440754,136138.4323210079,inf,3782
Mito_Test_0081.nii.gz,1.0,1.0,1.0,749257.0,557881.5,0.07150932916868759,378,0.6265355621563314,0.16221898773389393,0.08061186736156027,0.9851202697521967,3549.18009478673,43809,90373,2.2586652235004614,204122.3522434072,inf,6516
Mito_Test_0082.nii.gz,1.0,1.0,1.0,734458.0,413895.1,0.09511269552866873,228,0.5874712996585305,0.15666090294860724,0.10268974234180209,0.9564847656422081,6926.6509433962265,49057,102394,2.1602479655645164,221196.4301860131,inf,4631
Mito_Test_0083.nii.gz,1.0,1.0,1.0,677803.0,549061.5,0.06796189137743161,346,0.6650382111341437,0.15705297654119438,0.07160813991056568,0.9992537394503298,3492.0876288659792,36930,76778,2.2717081524160503,174417.2085261995,inf,4871
Mito_Test_0084.nii.gz,1.0,1.0,1.0,654507.0,473654.4,0.07696596871178166,176,0.6956395326597273,0.1630830051092477,0.08005905546548509,1.0352073111748399,6172.952830188679,24594,50856,2.3880636297265103,121447.36395337142,inf,3514
Mito_Test_0085.nii.gz,1.0,1.0,1.0,546993.0,396914.5,0.08149075449341475,218,0.7427977824078307,0.19829097881118787,0.08457922321393221,1.1839940811878324,5522.636363636364,18794,38673,2.50513824299661,96881.2112714079,inf,2755
Mito_Test_0086.nii.gz,1.0,1.0,1.0,327981.0,266529.1,0.08629228298000617,229,0.6737349513893672,0.19229525433786163,0.0997532094536509,1.0689232546312346,2754.327731092437,8319,17107,2.75707737405927,47165.32263803193,inf,1361
Mito_Test_0087.nii.gz,1.0,1.0,1.0,648398.0,525900.2,0.06888773568619666,390,0.6862453153983755,0.2021494784883335,0.0802814680469958,1.5160975713252873,2445.554716981132,20523,42304,2.6077579598188803,110318.5927321779,inf,3275
Mito_Test_0088.nii.gz,1.0,1.0,1.0,251822.0,199709.66,0.09656376109321409,618,0.784308615990801,0.35627883260698334,0.1198917799218995,1.895713829025913,1062.2627118644068,10787,21997,2.504075522920687,55082.14927768635,inf,2155
Mito_Test_0089.nii.gz,1.0,1.0,1.0,296680.0,219323.22,0.09808253769020978,252,0.7908453829017081,0.19373199301591768,0.10542192030159545,1.2676859006806291,1888.0828025477706,13546,27624,2.395436668157757,66171.54252118987,inf,2368
Mito_Test_0090.nii.gz,1.0,1.0,1.0,733556.0,609459.94,0.06453982906265296,722,0.7467961971932737,0.18812602544605078,0.07173604245037551,1.5882457904637028,1556.2972399150742,29538,59586,2.487275291227183,148206.78550306294,inf,6315
Mito_Test_0091.nii.gz,1.0,1.0,1.0,257366.0,275797.25,0.07094606430251207,318,0.7639405463245011,0.16932451310851848,0.07494241249386337,1.221968712324207,1494.1046511627908,9714,18733,2.761527549913057,51731.6955925213,inf,3169
Mito_Test_0092.nii.gz,1.0,1.0,1.0,916096.0,766689.5,0.05949657059269731,400,0.7321266521578388,0.19684950634189147,0.06138576950776559,1.6967693142850426,4219.8387096774195,40715,82632,2.4249511170797238,200378.56070653175,inf,8408
Mito_Test_0093.nii.gz,1.0,1.0,1.0,818969.0,540476.44,0.07832234245823566,278,0.6793246170226769,0.18547347342947354,0.08504985773948953,1.593343951264503,5149.106918238994,32524,68075,2.348183135781044,159852.56696829456,inf,3807
Mito_Test_0094.nii.gz,1.0,1.0,1.0,755277.0,441194.22,0.09090584705788957,209,0.6184463157248979,0.15087517149147067,0.09865968133249121,0.8999062633011027,6292.466666666666,34740,72439,2.2942336033367092,166191.98799210787,inf,3926
Mito_Test_0095.nii.gz,1.0,1.0,1.0,120267.0,131161.16,0.08983451066611635,231,0.7149343027754269,0.1966545381684222,0.10858771811342112,1.302530226284821,710.2426035502958,1671,3224,4.841131353772264,15607.807484561778,inf,537
Mito_Test_0096.nii.gz,1.0,1.0,1.0,756307.0,443905.97,0.09043264219514474,202,0.6507510996789149,0.1605456611872751,0.09639430728518716,0.9284427504909151,6937.045871559633,37488,78451,2.253366089060885,176778.8230529155,inf,3523
Mito_Test_0097.nii.gz,1.0,1.0,1.0,724231.0,535327.94,0.07285325427471327,294,0.6675231891595244,0.15554254699963482,0.07654606891293043,1.0511806414875442,5134.007092198582,27657,57421,2.4192318964378607,138914.7147253584,inf,3686
Mito_Test_0098.nii.gz,1.0,1.0,1.0,210846.0,165459.03,0.10353898219446662,187,0.68696668312159,0.17376142097092817,0.154373711439276,1.0381526520007318,1359.6967741935484,2423,4988,3.587081827475228,17892.364155446438,inf,403
Mito_Test_0099.nii.gz,1.0,1.0,1.0,76558.0,82977.31,0.10507961658643367,142,0.6997480276316131,0.1967473198460932,0.12180771958723606,1.2712453531242298,734.7115384615385,751,1457,6.733752352791036,9811.07717801654,inf,245
Mito_Test_0100.nii.gz,1.0,1.0,1.0,103954.0,102926.46,0.10387663863056419,171,0.7262269952848978,0.1978623826549013,0.1434354185664241,1.175202545800755,670.3032258064516,629,1352,6.692651071097211,9048.46424812343,inf,161
Mito_Test_0101.nii.gz,1.0,1.0,1.0,120216.0,113501.26,0.10378270015453366,444,0.7369870787445946,0.18144705439274617,0.13917826624360294,1.2706163340652061,528.1592920353983,1423,2926,4.947556641446713,14476.550732873084,inf,422
Mito_Test_0102.nii.gz,1.0,1.0,1.0,103168.0,96412.11,0.11033565580379265,125,0.7255727916136502,0.20690728637088646,0.14155434761197538,1.235056683061934,859.6,905,1822,5.639393846765707,10274.97558880712,inf,239
Mito_Test_0103.nii.gz,1.0,1.0,1.0,248004.0,221133.44,0.08632478349335024,316,0.6358724802489317,0.16252536245571111,0.14697602738352067,1.0036491063460424,1082.1659388646287,5144,10727,2.820046237389143,30250.63598847334,inf,1021
Mito_Test_0104.nii.gz,1.0,1.0,1.0,167345.0,148543.16,0.09886440815195013,187,0.7118240920723845,0.17230885813124117,0.11419732450203109,1.0487779235508496,1185.6170212765958,2697,5517,3.5932039534246694,19823.7062110439,inf,498
Mito_Test_0105.nii.gz,1.0,1.0,1.0,249356.0,197173.38,0.09716631576324483,195,0.7068950697351442,0.18906846685307127,0.12008267881020175,1.1735342230978347,1962.236220472441,5640,11595,2.860859730201561,33171.6685716871,inf,1106
Mito_Test_0106.nii.gz,1.0,1.0,1.0,325053.0,245383.78,0.09316963392791641,148,0.6667397559061815,0.19848380613749173,0.11289740452467117,1.2076375400679733,2875.9823008849557,7538,15569,2.714661931110518,42264.571605459656,inf,1164
Mito_Test_0107.nii.gz,1.0,1.0,1.0,213194.0,153396.9,0.11250819979927276,223,0.7243779543656893,0.15672653120496416,0.15194884478933815,1.1676509774244623,1203.870056497175,3909,8256,2.810415019453043,23202.786400604324,inf,589
Mito_Test_0108.nii.gz,1.0,1.0,1.0,398422.0,346820.78,0.07549900355032006,865,0.7513257310293402,0.2206588426155508,0.08340400186575636,1.4236252307544104,1640.7768595041323,26084,52440,2.344270967702311,122933.56954630918,inf,5118
Mito_Test_0109.nii.gz,1.0,1.0,1.0,407504.0,397957.4,0.0667936920967157,443,0.6429108011275209,0.17204034128790258,0.07086399143628618,1.1511512973337108,2451.3493975903616,23389,46280,2.4285927966583705,112395.27462934938,inf,5494
Mito_Test_0110.nii.gz,1.0,1.0,1.0,122947.0,145931.4,0.08193711109259336,551,0.6211777431633536,0.1866259205533211,0.14121876531076294,1.0377453878291465,565.3333333333334,5502,10858,2.7876607875779857,30268.42083152177,inf,1697
Mito_Test_0111.nii.gz,1.0,1.0,1.0,468680.0,397860.06,0.07333951925402273,449,0.634371128110303,0.1799604357550357,0.07984429419103199,1.1165243167605814,2675.1714285714284,29625,59684,2.323985704722204,138704.76280064002,inf,5734
Mito_Test_0112.nii.gz,1.0,1.0,1.0,476577.0,381565.3,0.07732809127572719,344,0.615312482772781,0.19228908953483778,0.0853895129516441,0.9992537394503298,4251.071428571428,27403,55316,2.32454036918493,128584.2750618336,inf,5346
Mito_Test_0113.nii.gz,1.0,1.0,1.0,677887.0,538965.6,0.06924066992371793,332,0.7805776481855982,0.29354012461809853,0.06997951247280444,1.7101016164200151,9539.87323943662,38727,76452,2.4242766364979884,185340.7974135442,inf,9303
Mito_Test_0114.nii.gz,1.0,1.0,1.0,704390.0,507935.8,0.0753732794210823,321,0.7012398842963861,0.19781607440553026,0.07752008806935198,1.3457866246669894,6834.135922330097,34541,69817,2.4148725047831254,168599.15366644348,inf,6386
Mito_Test_0115.nii.gz,1.0,1.0,1.0,243925.0,170243.92,0.11089621362575755,667,0.9612369682277236,0.3402903327730389,0.13039026707575568,1.838869948569267,1007.2863070539419,8935,18076,2.6629841471269406,48136.10144346658,inf,1857
Mito_Test_0116.nii.gz,1.0,1.0,1.0,234709.0,138463.88,0.13289260206897263,326,1.1011986889584628,0.3552983716776331,0.13870312421747316,1.8045479584381132,3119.6666666666665,10802,21826,2.517399281757723,54944.75672364407,inf,1946
Mito_Test_0117.nii.gz,1.0,1.0,1.0,622562.0,496230.5,0.07105408910743058,371,0.6613023689104208,0.1759980663949529,0.07300093451598906,1.3198768005758703,5271.042372881356,42500,86784,2.241587504464509,194533.92998744792,inf,6588
Mito_Test_0118.nii.gz,1.0,1.0,1.0,61682.0,70932.19,0.10643384110680633,400,0.7544359919426835,0.17607127776376527,0.23412811322731678,1.189564925884935,199.6058631921824,547,1307,5.121926103784207,6694.357417645959,inf,168
Mito_Test_0119.nii.gz,1.0,1.0,1.0,115161.0,100505.336,0.1138934171301138,174,0.6908385991865715,0.17499416726777947,0.16503497040266038,1.038265643301747,742.5806451612904,1427,2926,3.9000700750957082,11411.605039730042,inf,344
Mito_Test_0120.nii.gz,1.0,1.0,1.0,437900.0,321553.2,0.08672572430005794,297,0.6665001245895428,0.17398215095312114,0.11195443378108244,1.0124573339316014,1703.544747081712,8427,17657,2.927151976795836,51684.72245428408,inf,1194
Mito_Test_0121.nii.gz,1.0,1.0,1.0,284641.0,234993.31,0.08904856507255153,262,0.6306952902844979,0.1743024731538925,0.12677779266693756,0.9812965377741784,1436.949494949495,10481,21821,2.4641119672255525,53769.387236828785,inf,1440
Mito_Test_0122.nii.gz,1.0,1.0,1.0,126470.0,163804.31,0.07438473249943148,923,0.7226772277406692,0.1800046530426377,0.16146107917755356,1.0861229123385694,189.4607250755287,1460,3408,4.986010278958124,16992.323030689287,inf,391
Mito_Test_0123.nii.gz,1.0,1.0,1.0,1084125.0,810285.44,0.06298430337226892,649,0.7043546637103468,0.16805797754661855,0.06509207429866537,1.0493856945681657,4771.09691629956,85915,176924,2.1635978147352914,382792.3797742267,inf,11391
Mito_Test_0124.nii.gz,1.0,1.0,1.0,478049.0,301268.62,0.09813979848020561,337,0.7077295943841458,0.17575937899042235,0.10109696952056244,1.2509941854892306,5365.404494382023,28724,58583,2.255939520077697,132159.70490471172,inf,4377
Mito_Test_0125.nii.gz,1.0,1.0,1.0,425638.0,301742.66,0.09068615972129741,261,0.6896484442066526,0.19737747805016817,0.09332547628326056,1.3474198629677747,5451.923076923077,25400,51395,2.346082238993491,120576.89667307047,inf,4338
Mito_Test_0126.nii.gz,1.0,1.0,1.0,916540.0,517213.53,0.08822300812675504,164,0.5377040583283665,0.2165090321389786,0.09086232725506117,0.9320768714595481,27767.090909090908,70145,147009,2.1106489960579697,310284.3982614861,inf,6198
Mito_Test_0127.nii.gz,1.0,1.0,1.0,364628.0,206616.25,0.11945921586459973,141,0.6229785096274101,0.20422520633773852,0.12827195548957993,0.9559875013254509,8098.0,24205,50259,2.1934268628430713,110239.44069962992,inf,2447
Mito_Test_0128.nii.gz,1.0,1.0,1.0,147430.0,149293.67,0.09039962630984566,133,0.6980682876411519,0.18198932247102434,0.10464862639342425,1.1003995344935846,1304.3008849557523,2195,4458,3.706715026348814,16524.53558746301,inf,522
Mito_Test_0129.nii.gz,1.0,1.0,1.0,118006.0,94970.055,0.12250867123636301,177,0.7785333423566132,0.18877163724623283,0.16758588648895587,1.1982251384821618,854.3913043478261,3151,6632,2.665813492952549,17679.675085261304,inf,488
Mito_Test_0130.nii.gz,1.0,1.0,1.0,167569.0,139484.19,0.10537920862231284,96,0.6656116832797269,0.1753591422576538,0.1201219141520607,1.0236083097915831,1925.712643678161,3138,6412,3.1223968362221575,20020.808513856475,inf,514
Mito_Test_0131.nii.gz,1.0,1.0,1.0,85858.0,93178.11,0.10100838068363929,349,0.7561779328150576,0.16156099316296788,0.16839164634443887,1.099884882382928,263.97846153846154,1271,2773,3.554992970198529,9857.995506360521,inf,292
Mito_Test_0132.nii.gz,1.0,1.0,1.0,189252.0,178159.22,0.08947522724864596,211,0.711076499207135,0.17644792250559066,0.11742039126373328,1.0614999806813625,1146.2424242424242,4688,9670,2.8872106396294503,27919.326885216786,inf,811
Mito_Test_0133.nii.gz,1.0,1.0,1.0,518709.0,414561.62,0.07530853781053429,358,0.6050834249249738,0.19916877430032467,0.09969907081723232,1.0169537746873978,2528.7804878048782,26133,53637,2.355144696245576,126322.89607252396,inf,4072
Mito_Test_0134.nii.gz,1.0,1.0,1.0,235813.0,222043.33,0.08313008512665136,543,0.726756479509391,0.18372754449101636,0.0979794377182921,1.1022911475074673,734.553125,7906,16106,2.782160398104029,44809.47537186349,inf,1793
Mito_Test_0135.nii.gz,1.0,1.0,1.0,243909.0,273011.5,0.06914939750416114,1400,0.7720540853544281,0.1791802514544812,0.09282035275246607,1.1022911475074673,304.6027742749054,6409,13343,3.145668165546261,41972.65033288376,inf,1829
Mito_Test_0136.nii.gz,1.0,1.0,1.0,197919.0,220406.78,0.07451622250448889,1377,0.773778035712895,0.1682021417784454,0.10054875085189312,1.1022912507531668,288.4844903988183,6525,13621,2.7952357192362434,38073.90573171687,inf,1763
Mito_Test_0137.nii.gz,1.0,1.0,1.0,275452.0,215301.94,0.09508969910051894,124,0.6032390363766312,0.20354152948260631,0.10602288032321665,1.3361311481158356,4109.6567164179105,13309,26955,2.398693727972135,64656.7894374889,inf,2493
Mito_Test_0138.nii.gz,1.0,1.0,1.0,415225.0,365047.97,0.07373208540129512,369,0.6919403737178117,0.17619654503799825,0.0804951749876107,1.060888511707383,2529.298780487805,21767,44118,2.3915443474957727,105510.1535228185,inf,4185
Mito_Test_0139.nii.gz,1.0,1.0,1.0,424967.0,362398.8,0.07542827282822606,359,0.6562852994905151,0.18119014875916764,0.08514743535721209,1.099884882382928,1830.353448275862,16615,34349,2.489441494248904,85509.8258859556,inf,2400
Mito_Test_0140.nii.gz,1.0,1.0,1.0,460971.0,404095.12,0.07141392717418854,162,0.6611317605786121,0.18200897124297602,0.07676854121358401,0.9590106456893944,4474.378640776699,16090,32973,2.6064907805374187,85943.82050666031,inf,2790
Mito_Test_0141.nii.gz,1.0,1.0,1.0,405833.0,349013.03,0.07595226344547092,325,0.6528116631994224,0.18636974288060526,0.08732030391468916,1.11020345524036,1912.9575471698113,16740,34259,2.5140630089890736,86129.28462495668,inf,2708
Mito_Test_0142.nii.gz,1.0,1.0,1.0,436789.0,369330.06,0.07537903848449963,330,0.6964738270788228,0.15859420483924477,0.080047872442751,1.0068836223940765,2613.053892215569,19991,40840,2.41249505003466,98526.29784341551,inf,3439
Mito_Test_0143.nii.gz,1.0,1.0,1.0,436811.0,329185.78,0.08457436920458376,243,0.5962846503562079,0.16675568465222854,0.13429957995958108,0.9206037954807316,2109.942028985507,14877,31230,2.4412751906166825,76241.024202959,inf,2046
Mito_Test_0144.nii.gz,1.0,1.0,1.0,381840.0,389797.44,0.06529793174916647,481,0.6209867091594199,0.1747209236403696,0.10258154426302091,1.0430751570226893,954.245,10411,21623,2.788756094109171,60301.2730229226,inf,1797
Mito_Test_0145.nii.gz,1.0,1.0,1.0,254043.0,222143.88,0.0873215165479028,218,0.6243444083598731,0.1799023319324376,0.12142799412010759,0.9835923541927796,1586.95625,10904,22605,2.4162977400682597,54620.410414243015,inf,1699
Mito_Test_0146.nii.gz,1.0,1.0,1.0,457207.0,385672.7,0.07441728492505159,464,0.6367262009168755,0.18779807724340103,0.10363990630373694,1.0383205160367919,1543.2533783783783,21244,44174,2.4016637802603102,106091.09582921895,inf,2983
Mito_Test_0147.nii.gz,1.0,1.0,1.0,314997.0,227731.22,0.09831033270881705,262,0.6668369367229905,0.18171889054285484,0.11688018527375271,1.0689233517207608,1692.6236559139784,13481,27827,2.4152075863836684,67207.98150629834,inf,1817
Mito_Test_0148.nii.gz,1.0,1.0,1.0,649834.0,465463.62,0.07794710632708635,256,0.6068651975658921,0.14965595068735515,0.08449329079869353,0.932809154514572,4847.880597014925,40561,84388,2.2158051458014287,186987.36464389096,inf,4758
Mito_Test_0149.nii.gz,1.0,1.0,1.0,83777.0,96985.95,0.09546814615735771,366,0.6842383827045726,0.1757889378230993,0.15698620374491895,1.1022911475074673,325.609375,1402,2996,3.966319983535232,11883.094670671555,inf,398
Mito_Test_0150.nii.gz,1.0,1.0,1.0,349448.0,298956.7,0.08025354483793666,233,0.6039618487491969,0.17937253372069392,0.08718449949317146,1.0689232546312346,3563.1530612244896,17001,34800,2.3664173112846556,82351.32243270602,inf,2942
Mito_Test_0151.nii.gz,1.0,1.0,1.0,402059.0,304134.34,0.08661873798157738,170,0.6431273159515959,0.1756351707737324,0.0928771216009811,0.9576147824292558,4901.341463414634,18318,37667,2.389208692292925,89994.3238125976,inf,3163
Mito_Test_0152.nii.gz,1.0,1.0,1.0,292499.0,267571.12,0.0796393677637311,398,0.6508788601521583,0.17329124592668219,0.10948365007871365,1.0861229123385694,967.7980132450331,10812,21864,2.6104006306951795,57073.7993895194,inf,2460
Mito_Test_0153.nii.gz,1.0,1.0,1.0,1111274.0,1.140679e+06,0.04548499108327615,1711,0.6506711581647897,0.18151306452111135,0.04832035394406442,1.0493856945681657,2234.6491935483873,82750,165889,2.3153121792406743,384084.82210205623,inf,17222
Mito_Test_0154.nii.gz,1.0,1.0,1.0,1400103.0,1.4054118e+06,0.043064611644467066,847,0.678304016864626,0.16936292176110235,0.04391205733968655,1.0618917175257234,6003.381974248927,103395,207414,2.2750983096674453,471887.2408013635,inf,20960
Mito_Test_0155.nii.gz,1.0,1.0,1.0,1663498.0,1.0448466e+06,0.0649800092708568,1424,0.6629897748314041,0.164487504266091,0.06829153920715554,1.0283545160823226,4943.639880952381,126646,265041,2.1459177961780487,568756.1986168262,inf,12634
Mito_Test_0156.nii.gz,1.0,1.0,1.0,736627.0,817694.56,0.04823823810321789,916,0.5992929275437034,0.1800223953043084,0.050686298832085024,0.9698031188691304,4566.074534161491,58758,117936,2.274679472372509,268266.5982537242,inf,11852
Mito_Test_0157.nii.gz,1.0,1.0,1.0,694560.0,485936.03,0.07805095137293326,605,0.707605813928148,0.1573994212716919,0.08148389012576188,1.0169536868090914,3350.690821256039,54619,112953,2.1399717669212395,241716.23098905475,inf,6664
Mito_Test_0158.nii.gz,1.0,1.0,1.0,1622484.0,1.9839229e+06,0.033657326936508955,2604,0.6211783603528551,0.17822142248333878,0.034683363643595304,1.2477887687566285,4338.600536193029,125055,246074,2.336350802716957,574915.1874277724,inf,32277
Mito_Test_0159.nii.gz,1.0,1.0,1.0,1861250.0,1.4559498e+06,0.050258271195042455,1158,0.63395706172843,0.16877293691466755,0.05203722108415604,1.0446788555637134,4695.656565656565,143296,294584,2.161092695995494,636623.3307571367,inf,19368
Mito_Test_0160.nii.gz,1.0,1.0,1.0,1900188.0,2.5796745e+06,0.028759649872809375,1008,0.6337351809709698,0.1903977678500702,0.028841523427090995,1.220854234006502,27516.463768115944,158172,306638,2.3676332105936817,726006.3124300254,inf,45643
Mito_Test_0161.nii.gz,1.0,1.0,1.0,1497976.0,1.501758e+06,0.04215871908962097,482,0.7241574279095261,0.14139846894519445,0.04234681102118732,1.014113155534285,17014.647727272728,117446,236478,2.2425470400210767,530313.0389301042,inf,22450
Mito_Test_0162.nii.gz,1.0,1.0,1.0,885215.0,872252.44,0.051114145989228366,1152,0.6662091930077351,0.17420670817386408,0.053164353878047924,1.1865518356512164,2895.9180327868853,58974,118042,2.324035590280195,274333.80914785474,inf,13200
