Filename,Voxel_Source,Voxel_Z,Voxel_Y,Voxel_X,Volume,Sphericity,Circularity,Elongation,Flatness,Solidity
Nucleus_Test_0001.nii.gz,NIfTI_Header,1.0,1.0,1.0,53540.0,0.34582666356175595,0.8281660770216264,19.0892842964656,0.6746444432654115,0.9807297772567409
Nucleus_Test_0002.nii.gz,NIfTI_Header,1.0,1.0,1.0,40573.0,0.36859221672485193,0.7949089626415411,15.57486012622229,0.7711774262909897,0.9729036280363523
Nucleus_Test_0003.nii.gz,NIfTI_Header,1.0,1.0,1.0,69604.0,0.3576519353234753,0.6956367754743938,19.377297489152326,0.5352003466231262,0.9737101359529372
Nucleus_Test_0004.nii.gz,NIfTI_Header,1.0,1.0,1.0,53949.0,0.3746468407893214,0.7227195616982383,15.763939928673881,0.6486678305851549,0.9572546444984651
Nucleus_Test_0005.nii.gz,NIfTI_Header,1.0,1.0,1.0,38201.0,0.37744906556277824,0.7876378701527413,15.820170248110758,0.7003728913968897,0.9774326433487706
Nucleus_Test_0006.nii.gz,NIfTI_Header,1.0,1.0,1.0,43513.0,0.30940433836353026,0.7764319111174841,22.40450168500524,0.7006050234216558,0.9736847993913491
Nucleus_Test_0007.nii.gz,NIfTI_Header,1.0,1.0,1.0,42443.0,0.4358356690651461,0.7117965620613239,12.325529701569069,0.558628470069823,0.9523414185383804
Nucleus_Test_0008.nii.gz,NIfTI_Header,1.0,1.0,1.0,52847.0,0.4339927585183557,0.7664347933476318,12.925296274443198,0.6288432051265131,0.9642733327251163
Nucleus_Test_0009.nii.gz,NIfTI_Header,1.0,1.0,1.0,67345.0,0.3474498272914664,0.7160287415217437,17.505616030084393,0.6536834793234109,0.955924311894048
Nucleus_Test_0010.nii.gz,NIfTI_Header,1.0,1.0,1.0,98719.0,0.2839323563774027,0.7758155902064631,25.976867873303842,0.6724655492596221,0.9785688087945202
Nucleus_Test_0011.nii.gz,NIfTI_Header,1.0,1.0,1.0,53698.0,0.46653982399731053,0.8533941405811486,9.978746283018866,0.7105132291933066,0.9699608027311646
Nucleus_Test_0012.nii.gz,NIfTI_Header,1.0,1.0,1.0,68245.0,0.31943795909154626,0.7056613918097422,24.488372352800784,0.5320402556493379,0.965890595145425
Nucleus_Test_0013.nii.gz,NIfTI_Header,1.0,1.0,1.0,84650.0,0.34458268503933753,0.774511486434459,20.467100637408272,0.5798905269784349,0.981585843827547
Nucleus_Test_0014.nii.gz,NIfTI_Header,1.0,1.0,1.0,70453.0,0.31792370088842364,0.7345937820588961,23.517822647486543,0.5855452470070732,0.977929847452216
Nucleus_Test_0015.nii.gz,NIfTI_Header,1.0,1.0,1.0,51676.0,0.39446484931620024,0.7952686594336554,15.625786989377533,0.6168008983624577,0.9721574234329144
Nucleus_Test_0016.nii.gz,NIfTI_Header,1.0,1.0,1.0,43557.0,0.363298342053777,0.7808825787534527,18.130265798128118,0.6187043146185423,0.9692687703057546
Nucleus_Test_0017.nii.gz,NIfTI_Header,1.0,1.0,1.0,86190.0,0.5066157374701421,0.8104691199394941,8.699573664137953,0.6524493126397938,0.955162019593067
Nucleus_Test_0018.nii.gz,NIfTI_Header,1.0,1.0,1.0,69129.0,0.5037660209209931,0.8181600090049351,9.07805907980828,0.636451488528869,0.9617338064426355
Nucleus_Test_0019.nii.gz,NIfTI_Header,1.0,1.0,1.0,77977.0,0.39366589355576587,0.8225117198336707,15.155375690725045,0.6478341188130967,0.9803371845966231
Nucleus_Test_0020.nii.gz,NIfTI_Header,1.0,1.0,1.0,57888.0,0.42286490096199153,0.7678547586775311,13.970357565986387,0.571168674555298,0.9734638280698215
Nucleus_Test_0021.nii.gz,NIfTI_Header,1.0,1.0,1.0,106151.0,0.4327671901883945,0.8567631312810149,12.102500260490094,0.7023929443547183,0.9823520701845305
Nucleus_Test_0022.nii.gz,NIfTI_Header,1.0,1.0,1.0,142044.0,0.4791323261266825,0.5359399192624099,8.053082246922342,0.5244256681762892,0.8823200523530271
Nucleus_Test_0023.nii.gz,NIfTI_Header,1.0,1.0,1.0,0.0,0.0,,0.0,,
Nucleus_Test_0024.nii.gz,NIfTI_Header,1.0,1.0,1.0,10083.0,0.39361486188125433,0.28708482372296695,7.014988352793116,0.5506464058219871,0.6569593147751606
Nucleus_Test_0025.nii.gz,NIfTI_Header,1.0,1.0,1.0,0.0,0.0,,0.0,,
Nucleus_Test_0026.nii.gz,NIfTI_Header,1.0,1.0,1.0,0.0,0.0,,0.0,,
Nucleus_Test_0027.nii.gz,NIfTI_Header,1.0,1.0,1.0,3968.0,0.41166102479348254,0.5816928039824484,9.028647225798817,0.4901402920424669,0.6070528967254408
Nucleus_Test_0028.nii.gz,NIfTI_Header,1.0,1.0,1.0,15877.0,0.5685914708076308,0.6888399888532637,6.504639188149988,0.5005641565213448,0.8800443458980044
Nucleus_Test_0029.nii.gz,NIfTI_Header,1.0,1.0,1.0,0.0,0.0,,0.0,,
Nucleus_Test_0030.nii.gz,NIfTI_Header,1.0,1.0,1.0,31.0,0.6403832045084524,1.0,7.883661663143641,0.4600620257422342,0.6666666666666666
Nucleus_Test_0031.nii.gz,NIfTI_Header,1.0,1.0,1.0,101285.0,0.3648709924455786,0.32622993988770477,21.862465344781842,0.3594208875973358,0.721486525954367
Nucleus_Test_0032.nii.gz,NIfTI_Header,1.0,1.0,1.0,21106.0,0.28502445825326644,0.5339998243155435,18.857247687400427,0.7370515064293555,0.6741314223558769
Nucleus_Test_0033.nii.gz,NIfTI_Header,1.0,1.0,1.0,54974.0,0.4720385113182685,0.8395435157817547,10.308616901322734,0.6916385326457971,0.9712206066816247
Nucleus_Test_0034.nii.gz,NIfTI_Header,1.0,1.0,1.0,66744.0,0.364536252976292,0.7133089763490144,20.55091513184885,0.46134114790278224,0.9673174195979536
Nucleus_Test_0035.nii.gz,NIfTI_Header,1.0,1.0,1.0,44435.0,0.3005479583935823,0.880273228116951,18.425440179715146,0.7103218251376814,0.985125634682984
Nucleus_Test_0036.nii.gz,NIfTI_Header,1.0,1.0,1.0,101699.0,0.3286642134153638,0.8493983034177854,20.05823722529429,0.722741030629281,0.9873305891033358
Nucleus_Test_0037.nii.gz,NIfTI_Header,1.0,1.0,1.0,140377.0,0.43252989849167955,0.8390716683562899,11.944965750823375,0.7170946314367622,0.9745763300217303
Nucleus_Test_0038.nii.gz,NIfTI_Header,1.0,1.0,1.0,61065.0,0.37923251608071046,0.8461656759364352,16.30715111842717,0.6555582989859305,0.9859370963575304
Nucleus_Test_0039.nii.gz,NIfTI_Header,1.0,1.0,1.0,31155.0,0.45472701005732813,0.8373564941597521,12.076348826940421,0.6181821425598448,0.9805803852448697
Nucleus_Test_0040.nii.gz,NIfTI_Header,1.0,1.0,1.0,41933.0,0.4644668368117265,0.8599838616803676,10.840969765739697,0.6794592796142889,0.9819454852004496
Nucleus_Test_0041.nii.gz,NIfTI_Header,1.0,1.0,1.0,109709.0,0.35991211367338355,0.873914136939066,15.772442159455435,0.8402267929621253,0.9872309408969837
Nucleus_Test_0042.nii.gz,NIfTI_Header,1.0,1.0,1.0,124932.0,0.344835148494985,0.7732092347598478,20.534931294601126,0.5670174349657296,0.9844219086116824
Nucleus_Test_0043.nii.gz,NIfTI_Header,1.0,1.0,1.0,153822.0,0.3252187062299903,0.8162310696603559,21.580243835179083,0.6315382532417415,0.9845742229504839
Nucleus_Test_0044.nii.gz,NIfTI_Header,1.0,1.0,1.0,80360.0,0.4159342027303482,0.7067445133755874,13.343224224978053,0.628777547825493,0.9208986956271907
Nucleus_Test_0045.nii.gz,NIfTI_Header,1.0,1.0,1.0,147381.0,0.3745688260025377,0.7924680523320576,15.084331158838921,0.6291793364979613,0.972769996929198
Nucleus_Test_0046.nii.gz,NIfTI_Header,1.0,1.0,1.0,61164.0,0.5146368919463166,0.7042970927314259,7.692109864511014,0.4651900447596895,0.9453322648061723
Nucleus_Test_0047.nii.gz,NIfTI_Header,1.0,1.0,1.0,142110.0,0.36781040699042267,0.8326500533619147,17.092806233414006,0.6479967113067528,0.984693630083357
Nucleus_Test_0048.nii.gz,NIfTI_Header,1.0,1.0,1.0,93076.0,0.5084570588959008,0.5785885116558486,10.156632367496057,0.3341007897831212,0.9304890655265509
Nucleus_Test_0049.nii.gz,NIfTI_Header,1.0,1.0,1.0,67576.0,0.4426524267546112,0.762205116326215,13.407760070330625,0.5073229395265205,0.9754178815785675
Nucleus_Test_0050.nii.gz,NIfTI_Header,1.0,1.0,1.0,209705.0,0.44373466199899986,0.8697456035574355,11.272862593394178,0.7242090156481333,0.9863259843927128
Nucleus_Test_0051.nii.gz,NIfTI_Header,1.0,1.0,1.0,63153.0,0.535519991106647,0.7407238366564409,8.135993314877396,0.5507062526126064,0.9402245116722249
Nucleus_Test_0052.nii.gz,NIfTI_Header,1.0,1.0,1.0,349969.0,0.33813618183546,0.805346854950235,20.943776034630613,0.5790056262256872,0.9902044280964845
Nucleus_Test_0053.nii.gz,NIfTI_Header,1.0,1.0,1.0,87820.0,0.46455998784524605,0.7936794100935256,9.449799995786549,0.7454572691575628,0.9396030599689723
Nucleus_Test_0054.nii.gz,NIfTI_Header,1.0,1.0,1.0,116220.0,0.3423905676722422,0.7183892805303465,20.671513648213725,0.5403784521991609,0.9585233692649011
Nucleus_Test_0055.nii.gz,NIfTI_Header,1.0,1.0,1.0,58985.0,0.25335281425099904,0.7242003857408653,33.03875911653426,0.49649844301846496,0.7650874370816252
Nucleus_Test_0056.nii.gz,NIfTI_Header,1.0,1.0,1.0,118215.0,0.41245501384598315,0.732175694100709,15.462175350228241,0.49045876364733354,0.9652725609955254
Nucleus_Test_0057.nii.gz,NIfTI_Header,1.0,1.0,1.0,42331.0,0.5252671657596074,0.5218324831314662,9.725239089048914,0.38430821932288206,0.8256968420231338
Nucleus_Test_0058.nii.gz,NIfTI_Header,1.0,1.0,1.0,36502.0,0.32119211767008143,0.7727100221859186,21.100324712345092,0.5962613875335678,0.7476241192855972
Nucleus_Test_0059.nii.gz,NIfTI_Header,1.0,1.0,1.0,57969.0,0.2850567402972993,0.7376537261726486,29.825939124410056,0.5304877773434455,0.9741379310344828
Nucleus_Test_0060.nii.gz,NIfTI_Header,1.0,1.0,1.0,57258.0,0.25550053158145525,0.7920469340413989,30.46113184919502,0.6067938581949851,0.7708400646203554
Nucleus_Test_0061.nii.gz,NIfTI_Header,1.0,1.0,1.0,72187.0,0.31055676740574617,0.7555746553117366,25.01371674467442,0.5351223851727226,0.9671874162602497
Nucleus_Test_0062.nii.gz,NIfTI_Header,1.0,1.0,1.0,45326.0,0.40914218072184816,0.8108777760501256,15.421009200181361,0.5438286112707064,0.9846628432394856
Nucleus_Test_0063.nii.gz,NIfTI_Header,1.0,1.0,1.0,116600.0,0.42373757895583225,0.880795659804761,12.227180437552796,0.7549903632647541,0.9865053513261982
Nucleus_Test_0064.nii.gz,NIfTI_Header,1.0,1.0,1.0,88543.0,0.3391539692697039,0.8032179872550496,20.97061893277387,0.5864262204280143,0.9801193283078183
Nucleus_Test_0065.nii.gz,NIfTI_Header,1.0,1.0,1.0,47112.0,0.39836995396417446,0.6893391652223614,16.852669730658263,0.48403755495349265,0.9673326078475658
Nucleus_Test_0066.nii.gz,NIfTI_Header,1.0,1.0,1.0,87677.0,0.4191348550526926,0.8266146168125955,13.172638217407542,0.6742754349656445,0.9804309660393393
Nucleus_Test_0067.nii.gz,NIfTI_Header,1.0,1.0,1.0,66643.0,0.2801293843148522,0.847817248500805,23.19694197676615,0.7146293664672121,0.7207687565568186
Nucleus_Test_0068.nii.gz,NIfTI_Header,1.0,1.0,1.0,146601.0,0.2929736226397445,0.7094188778826517,30.201010162397054,0.46664059853223633,0.9600589390962672
Nucleus_Test_0069.nii.gz,NIfTI_Header,1.0,1.0,1.0,37294.0,0.449317904794666,0.5889720548164016,14.138778600765042,0.3717379468459227,0.9408201540957015
Nucleus_Test_0070.nii.gz,NIfTI_Header,1.0,1.0,1.0,0.0,0.0,,0.0,,
Nucleus_Test_0071.nii.gz,NIfTI_Header,1.0,1.0,1.0,74591.0,0.3513589211758764,0.8176155768052824,17.81010147895768,0.6901573254069342,0.9614601062458095
Nucleus_Test_0072.nii.gz,NIfTI_Header,1.0,1.0,1.0,78612.0,0.30934528185603255,0.8016176905471492,24.319852865167988,0.611167637612675,0.9832891379396608
Nucleus_Test_0073.nii.gz,NIfTI_Header,1.0,1.0,1.0,73035.0,0.3530466048515603,0.6953379190686937,21.926779822552923,0.43506684521066585,0.9704616120545324
Nucleus_Test_0074.nii.gz,NIfTI_Header,1.0,1.0,1.0,82044.0,0.4375684257747089,0.7809718733348457,11.235791195421715,0.6395244410984341,0.9614529894323743
Nucleus_Test_0075.nii.gz,NIfTI_Header,1.0,1.0,1.0,40200.0,0.42145824826188405,0.79448970485105,13.777908060475028,0.6080670266832982,0.9755624044458466
Nucleus_Test_0076.nii.gz,NIfTI_Header,1.0,1.0,1.0,84557.0,0.3459774467526874,0.86168040236555,18.784812041506118,0.6817380420725323,0.9876769611736672
Nucleus_Test_0077.nii.gz,NIfTI_Header,1.0,1.0,1.0,53077.0,0.529143490433215,0.7479467292772644,8.781043141220662,0.5108364408556579,0.9668929924415732
Nucleus_Test_0078.nii.gz,NIfTI_Header,1.0,1.0,1.0,8764.0,0.4806116344210585,0.5398142930200741,12.260176944593919,0.3011942830078488,0.919415127528584
Nucleus_Test_0079.nii.gz,NIfTI_Header,1.0,1.0,1.0,30305.0,0.38021166379255866,0.5092124144236158,22.007744102386393,0.31394436346231613,0.9282629338070879
Nucleus_Test_0080.nii.gz,NIfTI_Header,1.0,1.0,1.0,34923.0,0.33986828799297186,0.8345348802473977,17.673984825468892,0.6107173588970862,0.8043994011286422
Nucleus_Test_0081.nii.gz,NIfTI_Header,1.0,1.0,1.0,18787.0,0.3250389171626328,0.1649763653055365,13.553211503066715,0.3434472060754714,0.5743012422360249
Nucleus_Test_0082.nii.gz,NIfTI_Header,1.0,1.0,1.0,82301.0,0.3233604391917458,0.7436686830430227,22.072751621519682,0.5556597403832704,0.9214999104263705
Nucleus_Test_0083.nii.gz,NIfTI_Header,1.0,1.0,1.0,120620.0,0.3836509887429154,0.8085848936324311,15.908299993101407,0.6358583655498053,0.97789956707149
Nucleus_Test_0084.nii.gz,NIfTI_Header,1.0,1.0,1.0,16331.0,0.4920422942192468,0.577546476606016,9.368159582744365,0.3476742005389784,0.9297100170578201
Nucleus_Test_0085.nii.gz,NIfTI_Header,1.0,1.0,1.0,78635.0,0.4271506984366004,0.8426004936293228,12.474332937422561,0.6813263556477853,0.9757292997977441
Nucleus_Test_0086.nii.gz,NIfTI_Header,1.0,1.0,1.0,16497.0,0.47002141114648777,0.5491951693859262,11.97995414119815,0.3410427974389971,0.8739206441701541
Nucleus_Test_0087.nii.gz,NIfTI_Header,1.0,1.0,1.0,141068.0,0.34681230603299873,0.7973374408162255,11.990478816505156,0.6740075578960999,0.9719415035825045
Nucleus_Test_0088.nii.gz,NIfTI_Header,1.0,1.0,1.0,124815.0,0.37581235604455454,0.7338570699595619,16.48937909682527,0.6190434096067822,0.971519529243271
Nucleus_Test_0089.nii.gz,NIfTI_Header,1.0,1.0,1.0,57969.0,0.38151425309663695,0.8070267405002135,16.630111443031495,0.602345911806111,0.9792391634852529
Nucleus_Test_0090.nii.gz,NIfTI_Header,1.0,1.0,1.0,77288.0,0.35271504575285983,0.8432119333719927,18.679274760317526,0.628698990590051,0.9859420844495471
Nucleus_Test_0091.nii.gz,NIfTI_Header,1.0,1.0,1.0,53064.0,0.3898971263479179,0.7748813482834802,17.291625276867183,0.5077544991281077,0.9804696882910515
Nucleus_Test_0092.nii.gz,NIfTI_Header,1.0,1.0,1.0,43229.0,0.4575281476304346,0.8761902685392958,9.757052275075862,0.8639616272254758,0.9744381579243965
Nucleus_Test_0093.nii.gz,NIfTI_Header,1.0,1.0,1.0,159892.0,0.3866534712730331,0.8130191658529514,15.561211253512614,0.6415265741849481,0.9751950182667618
Nucleus_Test_0094.nii.gz,NIfTI_Header,1.0,1.0,1.0,69137.0,0.47810739087143267,0.7791627423854752,10.8010367853143,0.5902752554135323,0.9728972883216301
Nucleus_Test_0095.nii.gz,NIfTI_Header,1.0,1.0,1.0,84724.0,0.42201907749528544,0.816195368050205,13.155031158060448,0.6591696772361245,0.9777613645543618
Nucleus_Test_0096.nii.gz,NIfTI_Header,1.0,1.0,1.0,127302.0,0.413444497333073,0.8240134357745882,13.113627331577034,0.7192166189021978,0.9835206860586395
Nucleus_Test_0097.nii.gz,NIfTI_Header,1.0,1.0,1.0,105834.0,0.43142305580792684,0.8122667345885027,12.572449660504194,0.6560846051586101,0.9789473684210527
Nucleus_Test_0098.nii.gz,NIfTI_Header,1.0,1.0,1.0,83092.0,0.38776478799906317,0.8361133726436583,15.712717451088453,0.64259120200138,0.9845138510391241
Nucleus_Test_0099.nii.gz,NIfTI_Header,1.0,1.0,1.0,65379.0,0.4717120507824738,0.7863549003381246,11.012161362167635,0.5582335677498003,0.9541407595527921
Nucleus_Test_0100.nii.gz,NIfTI_Header,1.0,1.0,1.0,75094.0,0.4292598147450693,0.7048603630908908,12.906080682898477,0.6340552691104283,0.9319764194849519
Nucleus_Test_0101.nii.gz,NIfTI_Header,1.0,1.0,1.0,123745.0,0.374829878510916,0.7550385994554826,17.57103212362012,0.5322195671817713,0.9775761916129546
Nucleus_Test_0102.nii.gz,NIfTI_Header,1.0,1.0,1.0,74404.0,0.38606431050870593,0.80528255555093,14.144161546943549,0.7151807854697376,0.9689258144707575
Nucleus_Test_0103.nii.gz,NIfTI_Header,1.0,1.0,1.0,87032.0,0.4053684747983883,0.7693297480899389,13.999821371987915,0.5488434601026129,0.897838757930572
Nucleus_Test_0104.nii.gz,NIfTI_Header,1.0,1.0,1.0,33478.0,0.33585249290324043,0.8382814774221848,19.56368788482377,0.7026582232507259,0.9792849201240564
Nucleus_Test_0105.nii.gz,NIfTI_Header,1.0,1.0,1.0,93636.0,0.36296257724365,0.7379433571807433,18.929980544881925,0.5205258998315401,0.9610660367669713
Nucleus_Test_0106.nii.gz,NIfTI_Header,1.0,1.0,1.0,76800.0,0.35744845999987646,0.6194519334389272,17.220402805298498,0.5207324910938738,0.9394753048404976
Nucleus_Test_0107.nii.gz,NIfTI_Header,1.0,1.0,1.0,41921.0,0.33486235405481624,0.620633783710841,14.983030339741864,0.6610817647523339,0.8730295877939813
