Feature,H_statistic,p_omnibus,Healthy_NoCollagen_Mean,Healthy_NoCollagen_N,Healthy_Collagen_Mean,Healthy_Collagen_N,TAA_NoCollagen_Mean,TAA_NoCollagen_N,TAA_Collagen_Mean,TAA_Collagen_N,BAV_NoCollagen_Mean,BAV_NoCollagen_N,BAV_Collagen_Mean,BAV_Collagen_N,p_omnibus_FDR,Significant_FDR
Actin_Skeleton_Length_µm,106.32418316084261,2.44883262767168e-21,25981.673480837817,55,23138.948017529558,55,39065.019932287716,60,40893.444909911865,51,7884.659260428969,28,7475.614707032118,22,3.67324894150752e-20,True
Nucleus_Sphericity_ratio,92.53203290268601,1.9732588267118576e-18,0.7373070863669213,54,0.7342562749911874,52,0.8834939271486191,60,0.8447143989746857,50,0.2811740018054921,28,0.3022678129383812,22,1.4799441200338932e-17,True
Mito_Mean_Branch_Length_µm,88.53771074110318,1.362769369810938e-17,1.8052782921192436,55,1.9613134984064833,55,1.416188617562087,60,1.6441876016333514,51,4.176742420789545,28,4.043967952859452,22,6.813846849054689e-17,True
Mito_Total_Network_Length_µm,58.42100042939603,2.575242660101631e-11,8027.145759074165,55,8681.676406698001,55,19703.21921754344,60,16154.08205805475,51,4685.087948993534,28,3960.303609619483,22,9.657159975381117e-11,True
Nucleus_Volume_µm³,39.70670384712446,1.7111781424852608e-07,1337.2560930263276,54,1139.029216704975,52,1188.0974286877572,60,1286.1626434954362,50,2530.5623608928577,28,2463.4636882272735,22,5.133534427455783e-07,True
Actin_Solidity_ratio,37.88441309708571,3.9804377566754187e-07,0.28798107285321933,55,0.2677483485145694,55,0.17752738350228117,60,0.21253156693084987,51,0.24529489634452248,28,0.20259811432289965,22,9.951094391688546e-07,True
Mito_Fragment_Count_n,36.428791032690114,7.795182384489023e-07,240.65454545454546,55,320.1636363636364,55,397.31666666666666,60,652.3529411764706,51,414.57142857142856,28,294.8181818181818,22,1.6703962252476478e-06,True
Mito_Sphericity_ratio,32.579659523497185,4.560385610783486e-06,0.09557809309335805,55,0.09628666153096292,55,0.07597745648041639,60,0.07284824053076704,51,0.08638698114929957,28,0.09233599368042719,22,8.550723020219036e-06,True
Actin_Volume_µm³,30.952704388877123,9.570828110058008e-06,11910.849057215015,55,9727.583286663488,55,8564.529409363995,60,9886.111342580038,51,14823.330028892859,28,14032.516310863635,22,1.5951380183430012e-05,True
Mito_Surface_Area_µm²,20.70815291830968,0.0009196071305288761,14918.471870668542,55,14487.39459302933,55,24945.069093530743,60,23901.23041841042,51,26439.30813046515,28,20219.908456840218,22,0.0013794106957933142,True
Nucleus_Elongation_ratio,16.945686535030063,0.004603964156761707,24.67426810953285,54,27.838639184539282,52,22.373655644205748,60,24.645716573572244,50,29.94622652658484,28,26.185297078382096,22,0.006278132941038692,True
Mito_Volume_µm³,13.890452286544473,0.016320457449781275,4420.956987166193,55,4116.7645987704855,55,6264.85399123658,60,6159.606807213734,51,10135.4852765,28,7139.320749954544,22,0.02040057181222659,True
Actin_Fractional_Anisotropy_ratio,8.389082665250498,0.13605616843589766,0.9432045626482232,55,0.9419245108826341,55,0.9361611207439721,60,0.9383486693410832,51,0.926031467350235,28,0.9305625601684205,22,0.156987886656805,False
Actin_Minor_Axis_µm,5.0609001908278515,0.4084931864990033,0.6843647130081181,55,0.649293583848336,55,0.6396596791288058,60,0.6293432570950895,51,0.5938975981640231,28,0.6161719864884958,22,0.43767127124893207,False
Nucleus_Flatness_ratio,3.682284543825517,0.5960024817959152,0.4184238122125445,54,0.39876155998652413,52,0.3946412791247359,60,0.42213448827486666,50,0.4298551121006389,28,0.41542460330085795,22,0.5960024817959152,False
