Filename,Volume,Skeleton_Length_Pixels,Convex_Hull_Volume,Solidity,Extent,Fractional_Anisotropy,Major_Axis,Minor_Axis
01C-0083 -coll 60x vehicleZstack cell3_segmentation_visible.nii.gz,864400.0,53023,2361522.833333333,0.3660349956387605,0.16138939766504418,0.0,0,0
01C-0083 -coll 60x vehicleZstack cell4_segmentation_visible.nii.gz,1161338.0,83924,3101331.3333333335,0.3744643429477706,0.2078046682141014,0.0,0,0
01C-0083 -coll 60x vehicleZstack cell5_segmentation_visible.nii.gz,1863578.0,75585,5141040.000000002,0.3624904688545507,0.16733057354946132,0.0,0,0
01C-0096 +coll 60x vehicleZstack cell1_segmentation_visible.nii.gz,1664780.0,67735,4570749.166666668,0.36422475600735754,0.13410228805514307,0.0,0,0
01C-0096 +coll 60x vehicleZstack cell2_segmentation_visible.nii.gz,1521279.0,56989,4815701.333333334,0.3158997817140376,0.13026440108117607,0.0,0,0
01C-0096 +coll 60x vehicleZstack cell3_segmentation_visible.nii.gz,608201.0,36403,3655508.666666666,0.16637930735768103,0.06334081091101475,0.0,0,0
01C-0096 +coll 60x vehicleZstack cell4_segmentation_visible.nii.gz,771351.0,56966,1656023.499999999,0.46578505679418225,0.2464175499798739,0.0,0,0
01C-0096 +coll 60x vehicleZstack cell5_segmentation_visible.nii.gz,1607656.0,63024,3738282.3333333335,0.4300520551015988,0.2178746979526509,0.0,0,0
01C-0096 -coll 60x vehicleZstack cell1_segmentation_visible.nii.gz,1269456.0,37953,2807448.1666666674,0.4521743322183032,0.21683052642366685,0.0,0,0
01C-0096 -coll 60x vehicleZstack cell2_segmentation_visible.nii.gz,1360147.0,34413,3522955.166666664,0.3860812686091996,0.19832026310755263,0.0,0,0
01C-0096 -coll 60x vehicleZstack cell3_segmentation_visible.nii.gz,1443206.0,33710,3038063.666666667,0.4750413942389401,0.191698704870232,0.0,0,0
01C-0096 -coll 60x vehicleZstack cell4_segmentation_visible.nii.gz,1434218.0,62508,4925511.833333332,0.29118151545062787,0.11897024918404953,0.0,0,0
01C-0096 -coll 60x vehicleZstack cell5_segmentation_visible.nii.gz,1636927.0,36548,4894033.500000001,0.33447400799361093,0.18580497893283934,0.0,0,0
01C-0097 +coll 60x VehicleZstack cell1_segmentation_visible.nii.gz,1224019.0,45780,3021738.3333333326,0.40507114282452217,0.15637395381827585,0.0,0,0
01C-0097 +coll 60x VehicleZstack cell2_segmentation_visible.nii.gz,687212.0,52698,3624111.6666666684,0.18962219247291395,0.0530558296313796,0.0,0,0
01C-0097 +coll 60x VehicleZstack cell3_segmentation_visible.nii.gz,912039.0,30054,2137653.333333333,0.4266543062797835,0.08494033196838567,0.0,0,0
01C-0097 +coll 60x VehicleZstack cell4_segmentation_visible.nii.gz,836099.0,44378,2288844.166666667,0.36529310827553785,0.11358392559340574,0.0,0,0
01C-0097 +coll 60x VehicleZstack cell5_segmentation_visible.nii.gz,1016602.0,34401,2644280.000000003,0.38445323490704425,0.13041384441707718,0.0,0,0
01C-0097 -coll 60x VehicleZstack cell1_segmentation_visible.nii.gz,215427.0,43480,1467511.3333333333,0.14679750343779288,0.03981554811135497,0.0,0,0
01C-0097 -coll 60x VehicleZstack cell2_segmentation_visible.nii.gz,868991.0,41322,2678800.3333333335,0.32439558454089085,0.09860555101670297,0.0,0,0
01C-0097 -coll 60x VehicleZstack cell3_segmentation_visible.nii.gz,843927.0,39609,2472333.8333333316,0.3413483198028208,0.12775553468499481,0.0,0,0
01C-0097 -coll 60x VehicleZstack cell4_segmentation_visible.nii.gz,905866.0,24892,2650090.166666665,0.34182459577947716,0.14080138720762292,0.0,0,0
01C-0097 -coll 60x VehicleZstack cell5_segmentation_visible.nii.gz,1073842.0,48933,3409191.000000002,0.3149844053911909,0.1213839443966172,0.0,0,0
01C-0113 +coll veh60x Zstack cell1_segmentation_visible.nii.gz,627289.0,260838,5585823.000000001,0.11230019282744905,0.03779732853221114,0.0,0,0
01C-0113 +coll veh60x Zstack cell2_segmentation_visible.nii.gz,367043.0,80129,3673480.6666666684,0.099916954329055,0.051581555360058914,0.0,0,0
01C-0113 +coll veh60x Zstack cell3_segmentation_visible.nii.gz,247259.0,50393,1383874.6666666667,0.17867152709397574,0.0850315525216225,0.0,0,0
01C-0113 +coll veh60x Zstack cell4_segmentation_visible.nii.gz,344563.0,64972,1028998.5000000005,0.33485277189422513,0.15656474779281798,0.0,0,0
01C-0113 +coll veh60x Zstack cell5_segmentation_visible.nii.gz,685130.0,198067,8653646.166666666,0.0791724074227902,0.046670777457101006,0.0,0,0
01C-0113 no coll veh60x Zstack cell1_segmentation_visible.nii.gz,560295.0,75947,1972797.9999999993,0.2840103244224701,0.07532102124547639,0.0,0,0
01C-0113 no coll veh60x Zstack cell2_segmentation_visible.nii.gz,536666.0,61597,2899059.6666666656,0.185117266184817,0.0881577589985091,0.0,0,0
01C-0113 no coll veh60x Zstack cell3_segmentation_visible.nii.gz,250069.0,12713,638281.3333333331,0.3917849182492152,0.1393483639443652,0.0,0,0
01C-0113 no coll veh60x Zstack cell4_segmentation_visible.nii.gz,238841.0,29646,556015.3333333331,0.42955829755294533,0.1598237957390314,0.0,0,0
01C-0113 no coll veh60x Zstack cell5_segmentation_visible.nii.gz,795696.0,109434,3822906.833333333,0.2081389985918656,0.08773292978408462,0.0,0,0
01C-0117 +coll 60x VehicleZstack cell1_segmentation_visible.nii.gz,1152002.0,38867,2580091.500000001,0.44649656804807103,0.13861839097056772,0.0,0,0
01C-0117 +coll 60x VehicleZstack cell2_segmentation_visible.nii.gz,781230.0,37312,1813045.1666666665,0.4308938433322722,0.1487773757379547,0.0,0,0
01C-0117 +coll 60x VehicleZstack cell3_segmentation_visible.nii.gz,562521.0,20783,1791673.833333332,0.313963953446512,0.15475982172334105,0.0,0,0
01C-0117 +coll 60x VehicleZstack cell4_segmentation_visible.nii.gz,826513.0,65232,2784089.6666666684,0.296870107991014,0.10194777001240869,0.0,0,0
01C-0117 +coll 60x VehicleZstack cell5_segmentation_visible.nii.gz,767279.0,24390,2998863.4999999995,0.25585659367290314,0.13255243937369549,0.0,0,0
01C-0117 -coll 60x VehicleZstack cell1_segmentation_visible.nii.gz,647617.0,38729,2865243.1666666693,0.2260251442300503,0.091716942546707,0.0,0,0
01C-0117 -coll 60x VehicleZstack cell2_segmentation_visible.nii.gz,979742.0,76535,3091703.833333334,0.31689387238094113,0.11626087266082046,0.0,0,0
01C-0117 -coll 60x VehicleZstack cell3_segmentation_visible.nii.gz,633628.0,30722,1829905.0000000012,0.34626278413360234,0.14402993217071886,0.0,0,0
01C-0117 -coll 60x VehicleZstack cell4_segmentation_visible.nii.gz,580538.0,42423,1677267.1666666656,0.34612136428672735,0.0627606613167741,0.0,0,0
01C-0117 -coll 60x VehicleZstack cell5_segmentation_visible.nii.gz,746753.0,51521,2316086.5000000005,0.3224201686767743,0.09811367607835923,0.0,0,0
01C-202 +coll 60x veh 48h-Zstack cell1_segmentation_visible.nii.gz,702239.0,176331,5044341.833333334,0.13921320624220185,0.05350734827981372,0.0,0,0
01C-202 +coll 60x veh 48h-Zstack cell2_segmentation_visible.nii.gz,489888.0,146826,5174927.5,0.09466567406016799,0.04755529324055666,0.0,0,0
01C-202 +coll 60x veh 48h-Zstack cell3_segmentation_visible.nii.gz,675978.0,163772,3403433.1666666684,0.1986165048341627,0.11017423742603744,0.0,0,0
01C-202 +coll 60x veh 48h-Zstack cell4_segmentation_visible.nii.gz,611762.0,138181,3096384.1666666684,0.19757302940176716,0.09457702059241853,0.0,0,0
01C-202 +coll 60x veh 48h-Zstack cell5_segmentation_visible.nii.gz,607300.0,103708,3963671.5,0.1532165316929014,0.07257261743009523,0.0,0,0
01C-202 -coll 60x Veh24h-Zstack cell1_segmentation_visible.nii.gz,206831.0,102429,3955456.166666667,0.052290049815998885,0.027381415730039584,0.0,0,0
01C-202 -coll 60x Veh24h-Zstack cell2_segmentation_visible.nii.gz,767146.0,198348,2431774.833333333,0.31546752992276084,0.11036515714330929,0.0,0,0
01C-202 -coll 60x Veh24h-Zstack cell3_segmentation_visible.nii.gz,1085558.0,294617,2692235.4999999986,0.40321806914736863,0.18345991475611528,0.0,0,0
01C-202 -coll 60x Veh24h-Zstack cell4_segmentation_visible.nii.gz,193908.0,58413,2243161.6666666674,0.08644405924078882,0.0426583949313622,0.0,0,0
01C-202 -coll 60x Veh24h-Zstack cell5_segmentation_visible.nii.gz,894796.0,224475,3104299.6666666665,0.2882440795288342,0.10698387343612503,0.0,0,0
01C-222 +Col 60x veh-Zstack Cell1_segmentation_visible.nii.gz,592756.0,142439,5128927.16666667,0.11557114787130753,0.04921650851534539,0.0,0,0
01C-222 +Col 60x veh-Zstack Cell2_segmentation_visible.nii.gz,950270.0,140898,2828525.6666666674,0.335959475708016,0.13934088492979949,0.0,0,0
01C-222 +Col 60x veh-Zstack Cell3_segmentation_visible.nii.gz,909810.0,111762,3305900.9999999995,0.27520787827584675,0.1323038237100737,0.0,0,0
01C-222 +Col 60x veh-Zstack Cell4_segmentation_visible.nii.gz,443344.0,71746,2749064.1666666674,0.16127088096949352,0.05497185529391649,0.0,0,0
01C-222 +Col 60x veh-Zstack Cell5_segmentation_visible.nii.gz,524961.0,74713,3087399.1666666665,0.17003340729886185,0.10354127609803819,0.0,0,0
01C-222 -Col 60x veh-Zstack Cell1_segmentation_visible.nii.gz,159632.0,48733,1302904.9999999995,0.122520060940744,0.06604660399841122,0.0,0,0
01C-222 -Col 60x veh-Zstack Cell2_segmentation_visible.nii.gz,999662.0,225777,5084219.166666665,0.19662055612276097,0.10223320078067123,0.0,0,0
01C-222 -Col 60x veh-Zstack Cell3_segmentation_visible.nii.gz,791408.0,253527,5798912.166666665,0.13647525212559267,0.08455213675213676,0.0,0,0
01C-222 -Col 60x veh-Zstack Cell4_segmentation_visible.nii.gz,775337.0,289043,4992502.166666667,0.15530028312790248,0.07945797347257201,0.0,0,0
01C-222 -Col 60x veh-Zstack Cell5_segmentation_visible.nii.gz,522080.0,155904,3966779.5,0.13161306293934413,0.055581816246140746,0.0,0,0
03Asc-0043 +coll 60x veh 48h-Zstack cell1_segmentation_visible.nii.gz,535334.0,108978,2982755.000000001,0.17947635658979696,0.047945436131564025,0.0,0,0
03Asc-0043 +coll 60x veh 48h-Zstack cell2_segmentation_visible.nii.gz,980317.0,105118,3369400.8333333344,0.2909469809295964,0.15437878223819684,0.0,0,0
03Asc-0043 +coll 60x veh 48h-Zstack cell3_segmentation_visible.nii.gz,547267.0,109784,2097376.666666667,0.26092928785641745,0.08671862174837058,0.0,0,0
03Asc-0043 +coll 60x veh 48h-Zstack cell4_segmentation_visible.nii.gz,519598.0,145032,3003692.8333333344,0.17298639668936402,0.09277793490806449,0.0,0,0
03Asc-0043 +coll 60x veh 48h-Zstack cell5_segmentation_visible.nii.gz,836885.0,190310,4377926.5,0.1911601302580114,0.08408163207894834,0.0,0,0
03Asc-0043 -coll 60x veh 48h-Zstack cell1_segmentation_visible.nii.gz,686874.0,149463,3808174.3333333344,0.18036831822212615,0.08240938703523737,0.0,0,0
03Asc-0043 -coll 60x veh 48h-Zstack cell2_segmentation_visible.nii.gz,413079.0,102429,1978555.833333333,0.2087780354947443,0.06142210326753652,0.0,0,0
03Asc-0043 -coll 60x veh 48h-Zstack cell3_segmentation_visible.nii.gz,379877.0,94561,2843313.4999999986,0.13360362830197942,0.06033394533880538,0.0,0,0
03Asc-0043 -coll 60x veh 48h-Zstack cell4_segmentation_visible.nii.gz,725101.0,145323,4025708.666666662,0.18011760413860073,0.08666241980360848,0.0,0,0
03Asc-0043 -coll 60x veh 48h-Zstack cell5_segmentation_visible.nii.gz,752202.0,158973,2567169.8333333326,0.29300827324825096,0.10323312893539231,0.0,0,0
03Asc-0051 +Col 60x veh-Zstack Cell1_segmentation_visible.nii.gz,1247376.0,201903,3256507.833333333,0.38304099478342013,0.17102195605498474,0.0,0,0
03Asc-0051 +Col 60x veh-Zstack Cell2_segmentation_visible.nii.gz,694990.0,115043,3967156.166666666,0.17518594449079963,0.08581914004279906,0.0,0,0
03Asc-0051 +Col 60x veh-Zstack Cell3_segmentation_visible.nii.gz,611457.0,118328,3872614.166666668,0.15789256912374217,0.08202103856802524,0.0,0,0
03Asc-0051 +Col 60x veh-Zstack Cell4_segmentation_visible.nii.gz,443869.0,126926,4559605.166666666,0.09734812199199559,0.039230831099432664,0.0,0,0
03Asc-0051 +Col 60x veh-Zstack Cell5_segmentation_visible.nii.gz,941379.0,176250,4754683.999999999,0.19798981383410552,0.09295414752213511,0.0,0,0
03Asc-0051 -Col 60x veh-Zstack Cell1_segmentation_visible.nii.gz,512614.0,159282,3895050.666666665,0.13160650370658428,0.04463928679409851,0.0,0,0
03Asc-0051 -Col 60x veh-Zstack Cell2_segmentation_visible.nii.gz,441038.0,79259,2105602.3333333326,0.2094593043605734,0.061413417327395824,0.0,0,0
03Asc-0051 -Col 60x veh-Zstack Cell3_segmentation_visible.nii.gz,937273.0,232225,5753222.666666666,0.1629126933380179,0.07615025911576871,0.0,0,0
03Asc-0051 -Col 60x veh-Zstack Cell4_segmentation_visible.nii.gz,723768.0,99884,4449544.166666668,0.1626611564892508,0.07976774414825157,0.0,0,0
03Asc-0051 -Col 60x veh-Zstack Cell5_segmentation_visible.nii.gz,909066.0,154230,5511330.0,0.1649449406948958,0.08221328502786819,0.0,0,0
03Asc-0054 -Col 60x veh-Zstack Cell1_segmentation_visible.nii.gz,739501.0,236074,5582533.333333335,0.13246692063340415,0.07256431746016793,0.0,0,0
03Asc-0054 -Col 60x veh-Zstack Cell2_segmentation_visible.nii.gz,1099463.0,128171,2842361.333333332,0.38681324119710814,0.13979790607604142,0.0,0,0
03Asc-0054 -Col 60x veh-Zstack Cell3_segmentation_visible.nii.gz,544892.0,106245,2530854.9999999986,0.21529957267405692,0.08607370506851877,0.0,0,0
03Asc-0054 -Col 60x veh-Zstack Cell4_segmentation_visible.nii.gz,977151.0,177430,4432665.000000001,0.22044323223162585,0.08611384306260575,0.0,0,0
03Asc-0054 -Col 60x veh-Zstack Cell5_segmentation_visible.nii.gz,714799.0,139483,6302515.33333333,0.11341487679046244,0.07119490678812712,0.0,0,0
03Asc-0055 +Col 60x veh-Zstack Cell1_segmentation_visible.nii.gz,562142.0,112923,2352711.166666667,0.2389337067653934,0.07600724725861627,0.0,0,0
03Asc-0055 +Col 60x veh-Zstack Cell2_segmentation_visible.nii.gz,597268.0,76706,1360801.833333333,0.4389088737020368,0.17448028497928503,0.0,0,0
03Asc-0055 +Col 60x veh-Zstack Cell3_segmentation_visible.nii.gz,680945.0,128386,2449170.666666666,0.278030849081975,0.0967700081401377,0.0,0,0
03Asc-0055 +Col 60x veh-Zstack Cell4_segmentation_visible.nii.gz,649823.0,103506,2139319.833333334,0.3037521505082728,0.13052596607489492,0.0,0,0
03Asc-0055 +Col 60x veh-Zstack Cell5_segmentation_visible.nii.gz,572517.0,92966,2176665.5,0.2630247964145157,0.08795558873956086,0.0,0,0
03Asc-0055 -Col 60x veh-Zstack Cell1_segmentation_visible.nii.gz,458690.0,100943,3916510.1666666665,0.11711702012263384,0.044610050833419894,0.0,0,0
03Asc-0055 -Col 60x veh-Zstack Cell2_segmentation_visible.nii.gz,622563.0,139597,3337372.499999998,0.18654285669340187,0.12115708192192319,0.0,0,0
03Asc-0055 -Col 60x veh-Zstack Cell3_segmentation_visible.nii.gz,557342.0,117311,2598591.333333333,0.21447851104970464,0.08496636969552836,0.0,0,0
03Asc-0055 -Col 60x veh-Zstack Cell4_segmentation_visible.nii.gz,697452.0,152745,3017920.6666666674,0.23110349046065043,0.06942680865550585,0.0,0,0
03Asc-0055 -Col 60x veh-Zstack Cell5_segmentation_visible.nii.gz,418396.0,131519,2633271.5000000005,0.15888828781992284,0.07224635829286992,0.0,0,0
03Asc-0056 +Col 60x veh-Zstack Cell2_segmentation_visible.nii.gz,804679.0,110844,2939297.666666667,0.2737657397294342,0.12985798036603252,0.0,0,0
03Asc-0056 +Col 60x veh-Zstack Cell3_segmentation_visible.nii.gz,600842.0,64824,2942133.5000000005,0.20421982890987098,0.07525840084572104,0.0,0,0
03Asc-0056 +Col 60x veh-Zstack Cell4_segmentation_visible.nii.gz,388903.0,43526,1698279.1666666674,0.228998275214862,0.10052757830957809,0.0,0,0
03Asc-0056 +Col 60x veh-Zstack Cell5_segmentation_visible.nii.gz,834089.0,79419,3097180.3333333335,0.2693059202989041,0.1402851150501121,0.0,0,0
03Asc-0056 +Col 60x veh-Zstack Cell6_segmentation_visible.nii.gz,811293.0,87139,2668688.0,0.3040044396347569,0.17331469075248235,0.0,0,0
03Asc-0056 -Col 60x veh-Zstack Cell1_segmentation_visible.nii.gz,716761.0,60152,2135639.0000000014,0.33561898804058155,0.1107936132539125,0.0,0,0
03Asc-0056 -Col 60x veh-Zstack Cell2_segmentation_visible.nii.gz,794396.0,133202,3332090.0000000005,0.23840772608182847,0.08767006577495254,0.0,0,0
03Asc-0056 -Col 60x veh-Zstack Cell3_segmentation_visible.nii.gz,563362.0,101650,2801002.1666666665,0.20112872696218909,0.1069631153618242,0.0,0,0
03Asc-0056 -Col 60x veh-Zstack Cell4_segmentation_visible.nii.gz,657520.0,129687,2636719.5,0.24937047721610128,0.09188640474737109,0.0,0,0
03Asc-0056 -Col 60x veh-Zstack Cell5_segmentation_visible.nii.gz,538686.0,99114,3631683.333333335,0.1483295625077443,0.05706764073678178,0.0,0,0
03Asc-0057 +Col 60x veh-Zstack Cell1_segmentation_visible.nii.gz,435525.0,60703,2669388.666666667,0.16315533419262288,0.09959537556392216,0.0,0,0
03Asc-0057 +Col 60x veh-Zstack Cell2_segmentation_visible.nii.gz,824018.0,91967,2696577.0000000014,0.3055792584450582,0.13826547734106528,0.0,0,0
03Asc-0057 +Col 60x veh-Zstack Cell3_segmentation_visible.nii.gz,675739.0,108367,2764603.3333333326,0.24442530031433088,0.07404189650708311,0.0,0,0
03Asc-0057 +Col 60x veh-Zstack Cell4_segmentation_visible.nii.gz,827555.0,98728,3658544.3333333335,0.22619788762980686,0.11131669141701102,0.0,0,0
03Asc-0057 +Col 60x veh-Zstack Cell5_segmentation_visible.nii.gz,814726.0,96251,2642961.0,0.30826258881610435,0.08971640741467522,0.0,0,0
03Asc-0057 -Col 60x veh-Zstack Cell1_segmentation_visible.nii.gz,1044284.0,127813,4248394.999999998,0.24580671053421363,0.10400429130093305,0.0,0,0
03Asc-0057 -Col 60x veh-Zstack Cell2_segmentation_visible.nii.gz,1021658.0,127034,4355623.0,0.23456070463398693,0.1074298633017876,0.0,0,0
03Asc-0057 -Col 60x veh-Zstack Cell3_segmentation_visible.nii.gz,954769.0,161227,4247752.000000001,0.22477041974201878,0.0851804567490842,0.0,0,0
03Asc-0057 -Col 60x veh-Zstack Cell4_segmentation_visible.nii.gz,747485.0,149096,4808586.833333332,0.15544795714582954,0.08692791850498191,0.0,0,0
03Asc-0057 -Col 60x veh-Zstack Cell5_segmentation_visible.nii.gz,466116.0,76049,3533838.1666666665,0.13190077700690783,0.06811621651006758,0.0,0,0
03Asc-024 +coll 60x veh 48h-Zstack cell1_segmentation_visible.nii.gz,518081.0,89706,1841339.0000000007,0.2813610095696663,0.10416954864238837,0.0,0,0
03Asc-024 +coll 60x veh 48h-Zstack cell2_segmentation_visible.nii.gz,506008.0,73291,2389119.6666666674,0.21179684176556518,0.06273612462520098,0.0,0,0
03Asc-024 +coll 60x veh 48h-Zstack cell3_segmentation_visible.nii.gz,845041.0,167209,5389643.999999997,0.15678976199541203,0.09025612269964861,0.0,0,0
03Asc-024 +coll 60x veh 48h-Zstack cell4_segmentation_visible.nii.gz,569346.0,124650,4620388.333333334,0.12322470730274113,0.05689072587220735,0.0,0,0
03Asc-024 +coll 60x veh 48h-Zstack cell5_segmentation_visible.nii.gz,919852.0,160812,3362482.666666666,0.2735633432757225,0.12638999841437473,0.0,0,0
03Asc24- DMSO low-cell-1_segmentation_visible.nii.gz,279746.0,131584,4988434.000000002,0.05607892176181942,0.02396957213166445,0.0,0,0
03Asc24- DMSO low-cell-2_segmentation_visible.nii.gz,265469.0,124545,4370160.666666666,0.060745821549505204,0.02813010745578342,0.0,0,0
03Asc24- DMSO low-cell-3_segmentation_visible.nii.gz,156573.0,72976,4395381.666666666,0.03562216250465925,0.019434080296700105,0.0,0,0
03Asc24- DMSO low-cell-4_segmentation_visible.nii.gz,343515.0,152980,2261658.6666666665,0.1518863147047241,0.06575169568802557,0.0,0,0
03Asc24- DMSO low-cell-5_segmentation_visible.nii.gz,316330.0,133402,1395850.833333334,0.22662163638545418,0.049533423120785736,0.0,0,0
03Asc24-DMSO high cell-1_segmentation_visible.nii.gz,261158.0,87735,3318235.166666666,0.07870388531333249,0.03229212004906422,0.0,0,0
03Asc24-DMSO high cell-2_segmentation_visible.nii.gz,375300.0,100029,3374822.6666666684,0.11120584311195407,0.04244262329565104,0.0,0,0
03Asc24-DMSO high cell-3_segmentation_visible.nii.gz,464523.0,100931,2748265.333333332,0.16902407288185187,0.06833927024334785,0.0,0,0
03Asc24-DMSO high cell-4_segmentation_visible.nii.gz,474777.0,107740,3284084.5,0.1445690572212743,0.06163861765977418,0.0,0,0
03Asc24-DMSO high cell-5_segmentation_visible.nii.gz,383314.0,86868,3006458.4999999995,0.12749685385645604,0.05581647433038331,0.0,0,0
03Asc46 +coll 60x veh 48h-Zstack cell1_segmentation_visible.nii.gz,872454.0,214320,5157282.999999996,0.16916930872321737,0.10115343019222137,0.0,0,0
03Asc46 -coll 60x veh 48h-Zstack cell2_segmentation_visible.nii.gz,1122674.0,177047,6747583.500000001,0.16638163870072892,0.09045771843704264,0.0,0,0
03Asc46 -coll 60x veh 48h-Zstack cell3_segmentation_visible.nii.gz,856861.0,147693,4277684.166666669,0.20030955222851296,0.0937582954537248,0.0,0,0
03Asc46 -coll 60x veh 48h-Zstack cell4_segmentation_visible.nii.gz,1042380.0,159268,4944794.333333334,0.2108035096572604,0.11571832216758875,0.0,0,0
03Asc46 -coll 60x veh 48h-Zstack cell5_segmentation_visible.nii.gz,900053.0,171491,6339856.5,0.1419674088837815,0.07237719680002265,0.0,0,0
03Asc47 +coll 60x veh 48h-Zstack cell1_segmentation_visible.nii.gz,646951.0,177568,3973051.6666666684,0.1628347814924799,0.06452848744541594,0.0,0,0
03Asc47 +coll 60x veh 48h-Zstack cell2_segmentation_visible.nii.gz,1512094.0,276822,6143777.666666668,0.24611795576586887,0.1230449118558446,0.0,0,0
03Asc47 +coll 60x veh 48h-Zstack cell3_segmentation_visible.nii.gz,502411.0,122730,3861517.8333333316,0.13010712929074053,0.05729843345133389,0.0,0,0
03Asc47 +coll 60x veh 48h-Zstack cell4_segmentation_visible.nii.gz,1179076.0,224705,4679252.666666669,0.2519795540000047,0.14255374558492717,0.0,0,0
03Asc47 +coll 60x veh 48h-Zstack cell5_segmentation_visible.nii.gz,570042.0,128215,3038791.666666666,0.18758837805597076,0.07235945528769015,0.0,0,0
03Asc47 -coll 60x veh 48h-Zstack cell1_segmentation_visible.nii.gz,1077833.0,183015,3818651.000000002,0.28225491148575754,0.12635708370496043,0.0,0,0
03Asc47 -coll 60x veh 48h-Zstack cell2_segmentation_visible.nii.gz,562846.0,106641,2504310.6666666656,0.22475086956730086,0.08849404191960404,0.0,0,0
03Asc47 -coll 60x veh 48h-Zstack cell3_segmentation_visible.nii.gz,691787.0,118445,4177225.666666667,0.1656091997902595,0.07891706593657312,0.0,0,0
03Asc47 -coll 60x veh 48h-Zstack cell4_segmentation_visible.nii.gz,913622.0,126488,2558454.5000000023,0.35709917842979,0.12450151534972964,0.0,0,0
03Asc47 -coll 60x veh 48h-Zstack cell5_segmentation_visible.nii.gz,689213.0,130409,3379236.333333335,0.20395525261180797,0.10026083035116813,0.0,0,0
03Rt-0045 +coll 60x veh 48h-Zstack cell1_segmentation_visible.nii.gz,476888.0,134075,5217351.333333333,0.09140423359132291,0.04971498388314131,0.0,0,0
03Rt-0045 +coll 60x veh 48h-Zstack cell2_segmentation_visible.nii.gz,1043810.0,239202,7940670.166666665,0.13145112164231482,0.06899124894247038,0.0,0,0
03Rt-0045 +coll 60x veh 48h-Zstack cell3_segmentation_visible.nii.gz,957254.0,322738,3910184.5000000023,0.24481044308778765,0.12103124129172953,0.0,0,0
03Rt-0045 +coll 60x veh 48h-Zstack cell4_segmentation_visible.nii.gz,902440.0,229010,7057642.666666664,0.12786705740462542,0.06483850868843488,0.0,0,0
03Rt-0045 +coll 60x veh 48h-Zstack cell5_segmentation_visible.nii.gz,260125.0,124290,4502175.833333332,0.057777619006809874,0.031214750281997744,0.0,0,0
