CellName,Voxel_Source,Voxel_Z,Voxel_Y,Voxel_X,Mito_Volume,Mito_Surface_Area,Mito_Sphericity,Mito_Fragment_Count,Mito_Mean_Fragment_Sphericity,Mito_Std_Fragment_Sphericity,Mito_Min_Fragment_Sphericity,Mito_Max_Fragment_Sphericity,Mito_Mean_Fragment_Volume,Mito_Junction_Count,Mito_Branch_Count,Mito_Mean_Branch_Length,Mito_Total_Network_Length,Mito_Mean_Tortuosity,Mito_Cyclomatic_Number,DataSource
01Asc-230 +Col 60x veh-Zstack Cell4,NRRD,0.121858935176909,0.121858935176909,0.37,4797.190184411657,10700.379811158467,0.1285512257747295,100,0.667001597314253,0.139651298751841,0.1473214537826168,0.8764990912407481,47.96618771800487,226,733,3.2186180530968103,2359.247032919962,1.494170746135658,48,Inference_Raw
01Asc-230 +Col 60x veh-Zstack Cell5,NRRD,0.14903610777032,0.14903610777032,0.37,4509.434246645409,10153.268691155012,0.1300048689050472,59,0.6813791401701522,0.1305056617532327,0.1381320663933889,0.8888416147186625,76.42677080918524,229,634,3.5579875198151574,2255.76408756281,1.4137216592775903,61,Inference_Raw
01C-0083 +coll 60x vehicleZstack cell1,NRRD,0.207160189800746,0.207160189800746,0.37,13992.099952697705,24183.376573138587,0.1161152117481171,90,0.6741542167768072,0.1394687131119282,0.1254078451367604,0.8626198022479477,155.46371936798045,449,1019,4.149414577139891,4228.253454105548,1.3049333633628122,154,Inference_Raw
01C-0083 +coll 60x vehicleZstack cell2,NRRD,0.207160189800746,0.207160189800746,0.37,12230.471849441485,16654.38793466385,0.1541407931950185,103,0.7074404206030621,0.1254835256665092,0.1686568664407413,0.9241752374246572,118.73735779697417,270,680,3.963236875691636,2695.001075470313,1.2878411746598013,77,Inference_Raw
01C-0083 +coll 60x vehicleZstack cell3,NRRD,0.207160189800746,0.207160189800746,0.37,10292.54279136654,17416.08513600132,0.1313858836497856,68,0.6956831081475142,0.1575866550541799,0.150283865854044,0.906696845478264,151.32893253775154,285,946,3.580078364617058,3386.7541329277374,1.3021890320841027,61,Inference_Raw
01C-0083 +coll 60x vehicleZstack cell4,NRRD,0.207160189800746,0.207160189800746,0.37,9228.163290023773,18087.53645568334,0.1176291301436331,256,0.7090873073054821,0.1493492531125443,0.149792629696369,0.9491957011336368,36.0468305647372,330,862,4.11198970802663,3544.535128318955,1.3329575327876275,91,Inference_Raw
01C-0083 +coll 60x vehicleZstack cell5,NRRD,0.207160189800746,0.207160189800746,0.37,7913.122987747165,16904.06233260061,0.1136034837165417,102,0.6512015491093127,0.1500149784690556,0.1385826964899294,0.8482528127330072,77.57808040170083,286,734,4.083254233290154,2997.1086072349726,1.3607712087556572,80,Inference_Raw
01C-0083 -coll 60x vehicleZstack cell1,NRRD,0.205109098812619,0.205109098812619,0.37,7149.887767425566,18721.62954082476,0.0958679175439212,169,0.7106160493735667,0.1520126617507266,0.1149217937031792,0.9460946848134898,42.305370313260816,391,997,4.031881125493575,4019.785482117094,1.3445335105198928,115,Inference_Raw
01C-0083 -coll 60x vehicleZstack cell2,NRRD,0.207160189800746,0.207160189800746,0.37,7036.445331573462,8138.940243868056,0.2181817779544583,19,0.770690146368295,0.1612353294392807,0.2218305343650748,0.9152056123187134,370.3367208179662,137,568,3.3231733259279874,1887.562449127097,1.2445901492901903,38,Inference_Raw
01C-0083 -coll 60x vehicleZstack cell3,NRRD,0.207160189800746,0.207160189800746,0.37,6976.900291442847,12630.269481066793,0.1398019358869131,19,0.6691245539306728,0.1806175073736255,0.1425901409553349,0.8520013304914693,367.1977570182386,324,710,3.820238070535603,2712.369030080278,1.3058237569065676,117,Inference_Raw
01C-0083 -coll 60x vehicleZstack cell4,NRRD,0.207160189800746,0.207160189800746,0.37,8662.660074233978,19921.116447627686,0.102393243176646,104,0.6725952977440564,0.1599311565862839,0.1148996691903992,0.8778752422088573,83.28809050413248,414,1020,3.9163996973724498,3994.727691319899,1.3496689525265515,136,Inference_Raw
01C-0083 -coll 60x vehicleZstack cell5,NRRD,0.207160189800746,0.207160189800746,0.37,7630.133199691746,13935.887129526807,0.1344944151170589,140,0.7383506639340504,0.1223118670433206,0.1507115682365858,0.8949628531202207,54.49539388929076,296,703,3.707584063121181,2606.43159637419,1.3277777785016678,107,Inference_Raw
01C-0096 +coll 60x vehicleZstack cell1,NRRD,0.186630801622293,0.186630801622293,0.37,4249.727403795352,5112.331595496345,0.2481832637714049,49,0.7094495916275557,0.1367191192564562,0.3051523679207725,0.9063850453764528,86.69967356795877,77,191,4.20941184894409,803.9976631483212,1.2718382024832495,17,Inference_Raw
01C-0096 +coll 60x vehicleZstack cell2,NRRD,0.186630801622293,0.186630801622293,0.37,2010.9511710501797,2173.7132041556088,0.3544455796749049,30,0.7874755409242319,0.0974245526945687,0.4436495071758213,0.9293828409494832,67.02526195629152,15,42,4.745312961922532,199.3031444007464,1.3294634712444715,2,Inference_Raw
01C-0096 +coll 60x vehicleZstack cell3,NRRD,0.191814990556246,0.191814990556246,0.37,1625.0187232170474,2402.636960191471,0.278207104983788,48,0.7853517981842021,0.1521496412013736,0.3497909678194252,0.9688676236841928,33.833853011268424,26,148,2.985450022010617,441.84660325757136,1.3644478546523922,3,Inference_Raw
01C-0096 +coll 60x vehicleZstack cell4,NRRD,0.119745774451298,0.119745774451298,0.37,821.4797579786828,2376.170530850923,0.1785135130121615,58,0.6673260900499269,0.1427670585734442,0.1971942396077669,0.8493387393074648,14.126123015782117,57,300,2.335759662121628,700.7278986364884,1.4320454542638985,14,Inference_Raw
01C-0096 +coll 60x vehicleZstack cell5,NRRD,0.119745774451298,0.119745774451298,0.37,2476.7585257817086,4234.331674347513,0.2090683840038022,26,0.6099208063057917,0.1503485692989039,0.2196052765845911,0.8058469160413806,95.24076206174443,88,363,2.8032300743430856,1017.57251698654,1.4503160574595533,23,Inference_Raw
01C-0096 -coll 60x vehicleZstack cell1,NRRD,0.18332760159358,0.18332760159358,0.37,4033.586956319594,7981.086559364292,0.1535381792263954,67,0.7518874009454634,0.1251790344125004,0.1610090270539174,0.9124537401185298,60.19499510913237,155,446,3.718778186753763,1658.5750712921783,1.3364370739598832,39,Inference_Raw
01C-0096 -coll 60x vehicleZstack cell2,NRRD,0.144867265594927,0.144867265594927,0.37,3067.6620071502693,5959.793690406859,0.1713133614931847,84,0.6890015540711042,0.1291383095273166,0.1953164356622085,0.864424184825977,36.50499529632768,121,447,3.1166573297962987,1393.1458264189455,1.3710211349544976,29,Inference_Raw
01C-0096 -coll 60x vehicleZstack cell3,NRRD,0.144867265594927,0.144867265594927,0.37,3439.248992712457,5310.698405646978,0.2074793594065906,81,0.7295128454023869,0.1359947792000452,0.2351444105715606,0.8989972393024183,42.45535848208582,121,363,3.3877242295396317,1229.743895322886,1.3843680314646405,32,Inference_Raw
01C-0096 -coll 60x vehicleZstack cell4,NRRD,0.150116079565757,0.150116079565757,0.37,2364.5505111924717,4078.842743491203,0.2104325380291427,74,0.7449670271090133,0.1380979084324562,0.2457623094729391,0.9189921362177456,31.938737642111025,78,285,2.999272845611745,854.7927609993471,1.3686775383215517,15,Inference_Raw
01C-0096 -coll 60x vehicleZstack cell5,NRRD,0.186630801622293,0.186630801622293,0.37,5961.598576726076,9536.41670635248,0.1667275586526071,107,0.7292802356569921,0.1178678230965628,0.1823208190494394,0.9322105627644612,55.70214395120728,177,479,3.680717661938687,1763.063760068631,1.3327003744037118,43,Inference_Raw
01C-0097 +coll 60x VehicleZstack cell1,NRRD,0.158137549466218,0.158137549466218,0.37,5408.872834772368,8622.928338996353,0.1728093334139354,78,0.6966728867651601,0.1306980203594953,0.1809508319578867,0.9305481465713036,69.32198472574898,138,424,3.5775236219398887,1516.8700157025128,1.3026637243795678,25,Inference_Raw
01C-0097 +coll 60x VehicleZstack cell2,NRRD,0.158137549466218,0.158137549466218,0.37,4039.148386594068,6359.244785788109,0.1928731561974078,20,0.6715442888621277,0.1471021630722149,0.1969229637859852,0.8832786912665599,201.9287357449232,90,310,3.2710054152558827,1014.0116787293236,1.3183134191889052,18,Inference_Raw
01C-0097 +coll 60x VehicleZstack cell3,NRRD,0.190055220000684,0.190055220000684,0.37,7125.023548956789,10717.263772645649,0.1670799772768805,34,0.6236505308805158,0.160520387160994,0.1767967116881329,0.9360971666952512,209.5465444620529,176,450,3.778948123642383,1700.5266556390725,1.2903811155567766,51,Inference_Raw
01C-0097 +coll 60x VehicleZstack cell4,NRRD,0.14797156414339,0.14797156414339,0.37,4855.877769236646,8112.79380571207,0.1709328434841703,27,0.6744779681471663,0.1444975572579194,0.1737517823927046,0.8870748381666858,179.81221886719106,171,559,2.8965871530687544,1619.1922185654337,1.3376844292992496,42,Inference_Raw
01C-0097 +coll 60x VehicleZstack cell5,NRRD,0.18332760159358,0.18332760159358,0.37,6935.135761230749,11210.493964640042,0.1568782321800222,63,0.6925210985852657,0.134895269210182,0.1684447322388187,0.917250423455955,110.07500627340762,168,458,4.133967730765599,1893.357220690645,1.332045467435632,46,Inference_Raw
01C-0097 -coll 60x VehicleZstack cell1,NRRD,0.15459715656772,0.15459715656772,0.37,362.3727117356968,1178.32191956702,0.2086045731866192,27,0.6108860078776883,0.1775322999253665,0.2607578720946894,0.8570883089856769,13.35406946057737,37,150,2.2120301735935546,331.8045260390332,1.291363565109323,5,Inference_Raw
01C-0097 -coll 60x VehicleZstack cell2,NRRD,0.191814990556246,0.191814990556246,0.37,5577.644080291525,10687.462835752893,0.1423126062082116,43,0.6453901558119459,0.1504709315380536,0.1612628629468862,0.89360581292916,129.68574280783926,193,513,3.619416235041921,1856.7605285765053,1.297771301834079,53,Inference_Raw
01C-0097 -coll 60x VehicleZstack cell3,NRRD,0.15459715656772,0.15459715656772,0.37,2024.6109523760144,4921.840509264861,0.1572477026866704,49,0.6761253020722526,0.1539687039610761,0.1761912818249727,0.8537470560597836,41.29982182796135,90,321,3.258301086649449,1045.9146488144731,1.2671593926380238,21,Inference_Raw
01C-0097 -coll 60x VehicleZstack cell4,NRRD,0.193607654019388,0.193607654019388,0.37,6052.92573892675,9212.806691446734,0.1743421495656975,73,0.7121777182836789,0.1351779269508394,0.1928790496589785,0.9497876129820748,82.89380251593053,164,438,3.5115831790328373,1538.0734324163827,1.3376925148523489,44,Inference_Raw
01C-0097 -coll 60x VehicleZstack cell5,NRRD,0.152323668971136,0.152323668971136,0.37,3369.188174656885,6358.711949839966,0.1709222040549636,89,0.6823141887703504,0.1437314808087157,0.1843434775384133,0.9194616818496608,37.8134116605148,170,531,2.9855801566194384,1585.343063164922,1.2973574507291776,36,Inference_Raw
01C-0113 +coll veh60x Zstack cell1,NRRD,0.207160189800746,0.207160189800746,0.37,1779.3804645538269,5318.493126778471,0.1335184865704324,100,0.6451465634611026,0.1311852818288872,0.2550904818748248,0.8976884146841851,17.79078769683832,37,175,3.4544733021718588,604.5328278800753,1.3795117513880524,3,Inference_Raw
01C-0113 +coll veh60x Zstack cell2,NRRD,0.207160189800746,0.207160189800746,0.37,3597.441387176501,8493.735553146424,0.1336742861615493,121,0.6670300139948685,0.1268632948100018,0.1891346790004901,0.8390899589618929,29.72816475166752,84,271,4.235438729472925,1147.8038956871626,1.3743053182714335,25,Inference_Raw
01C-0113 +coll veh60x Zstack cell3,NRRD,0.207160189800746,0.207160189800746,0.37,1784.334611892694,4426.1327819343605,0.1607350362994683,34,0.6649847670302974,0.1420351124561626,0.1836103157322229,0.8867839645555317,52.48042976154983,75,194,3.8921152496678943,755.0703584355715,1.3600675272194402,25,Inference_Raw
01C-0113 +coll veh60x Zstack cell4,NRRD,0.207160189800746,0.207160189800746,0.37,1902.8054237365657,3712.204919670298,0.2000391972009738,28,0.6868625438685872,0.1283342380136936,0.2217262368888991,0.8097536256771455,67.9573365620202,56,144,3.7916376679439097,545.995824183923,1.3451954790950875,13,Inference_Raw
01C-0113 +coll veh60x Zstack cell5,NRRD,0.207160189800746,0.207160189800746,0.37,4194.5431709289405,10435.319831947116,0.1205317529032404,186,0.6684814619291674,0.1106726175866927,0.186307284755465,0.8620706917557825,22.549173139756647,111,368,3.4941744895384166,1285.8562121501373,1.388549714667162,29,Inference_Raw
01C-0113 no coll veh60x Zstack cell1,NRRD,0.15935399215442,0.15935399215442,0.38,1911.8277984257925,4094.107719183354,0.1819522264123346,47,0.6807245067981693,0.1205793453231703,0.2235737178573555,0.8450965015270765,40.67718720054878,53,147,4.557954588870272,670.01932456393,1.4350394371450443,14,Inference_Raw
01C-0113 no coll veh60x Zstack cell2,NRRD,0.207160189800746,0.207160189800746,0.37,2995.4489707946677,6485.123990565702,0.1549555458758364,79,0.7240301294974699,0.1309746017082302,0.2193224029689323,0.8912436371959737,37.91446263277065,75,207,4.117623863829945,852.3481398127986,1.343589014762822,20,Inference_Raw
01C-0113 no coll veh60x Zstack cell3,NRRD,0.207160189800746,0.207160189800746,0.37,1611.415815353388,3579.79705713714,0.1856795745310928,54,0.7369049153805682,0.1312214416471534,0.2233051981314537,0.9815302653799752,29.835740725199283,41,132,4.099658613870503,541.1549370309064,1.347266322903345,9,Inference_Raw
01C-0113 no coll veh60x Zstack cell4,NRRD,0.207160189800746,0.207160189800746,0.37,1352.450466156001,2314.9744116775264,0.2554772159541127,16,0.6851903477547583,0.1342231207370884,0.2924077623090566,0.8482075210107693,84.52815413475008,25,71,4.02268414326946,285.6105741721317,1.3409218455028131,5,Inference_Raw
01C-0113 no coll veh60x Zstack cell5,NRRD,0.207160189800746,0.207160189800746,0.37,2828.7704944610496,6088.014889586327,0.1588815839634249,90,0.6766489583081102,0.1227991377723401,0.2487158016449617,0.8946545690092084,31.430783271789444,80,268,3.417264770770652,915.8269585665348,1.442538182953135,21,Inference_Raw
01C-0117 +coll 60x VehicleZstack cell1,NRRD,0.14797156414339,0.14797156414339,0.37,5348.270693603809,8867.48354629354,0.1667858950796868,43,0.6354543337552309,0.1477895119699594,0.1794513146009011,0.8181916701255856,124.36519995310503,171,492,3.4363193081245647,1690.6690995972858,1.3908165843231772,36,Inference_Raw
01C-0117 +coll 60x VehicleZstack cell2,NRRD,0.14797156414339,0.14797156414339,0.37,2847.484325876032,5283.893795014964,0.1838672043431917,25,0.6267012359946874,0.1388301713818591,0.205482368209326,0.8198157683332464,113.89256788759776,70,209,3.906845081137462,816.5306219577296,1.401965184634207,10,Inference_Raw
01C-0117 +coll 60x VehicleZstack cell3,NRRD,0.14797156414339,0.14797156414339,0.37,1425.216611550774,3817.089959460465,0.1604497259183087,89,0.6827047940108995,0.1406447902754554,0.1973436628984709,0.9268620092140114,16.011394128097418,82,269,3.1507981530454967,847.5647031692387,1.4743256857152065,19,Inference_Raw
01C-0117 +coll 60x VehicleZstack cell4,NRRD,0.160589294419182,0.160589294419182,0.37,3814.842457252885,10321.276034960129,0.1143936198747717,100,0.6394154749215517,0.1550065242386886,0.1593984225131623,0.8504830283798102,38.145943678282286,166,490,3.6804664710258046,1803.4285708026443,1.444651209254332,38,Inference_Raw
01C-0117 +coll 60x VehicleZstack cell5,NRRD,0.134519603766718,0.134519603766718,0.37,1059.7724941895065,3239.9083093568743,0.1551528772342343,50,0.6980550486761294,0.1413794712628799,0.1841895243771458,0.8650420260315522,21.195449883790133,46,153,4.084034267597197,624.8572429423712,1.438426499543418,12,Inference_Raw
01C-0117 -coll 60x VehicleZstack cell1,NRRD,0.164412849048211,0.164412849048211,0.37,1411.0479225106722,4422.985123295832,0.1375508108863862,96,0.7149515187937103,0.1477702570095172,0.1893508006044127,0.8904994940614359,14.697582385617428,72,221,4.12359780720736,911.3151153928266,1.4205267358344442,18,Inference_Raw
01C-0117 -coll 60x VehicleZstack cell2,NRRD,0.207160189800746,0.207160189800746,0.37,7761.846828460666,14321.35617507816,0.1323762347531918,124,0.7057464488267853,0.1190025010736944,0.1593926609122719,0.8959922444745354,62.58811181591382,229,617,3.6614800813377326,2259.133210185381,1.31341938716361,61,Inference_Raw
01C-0117 -coll 60x VehicleZstack cell3,NRRD,0.131114044177687,0.131114044177687,0.37,2452.8180420197937,5183.208161416116,0.169692388158687,40,0.627595978389117,0.1438109876981682,0.1983172554848093,0.8159466069011063,61.31520353053461,83,261,3.4728734139087987,906.4199610301964,1.4858833680852122,19,Inference_Raw
01C-0117 -coll 60x VehicleZstack cell4,NRRD,0.169803434262906,0.169803434262906,0.37,1560.2155386584488,3752.759336341444,0.1733497193847101,49,0.7029990455085162,0.1569607338663561,0.2275783396049906,0.8906208671085576,31.83242463684477,55,158,3.806044999556301,601.3551099298954,1.3706621878986298,10,Inference_Raw
01C-0117 -coll 60x VehicleZstack cell5,NRRD,0.164412849048211,0.164412849048211,0.37,1696.0759822473422,4027.356576143082,0.1707762911756506,62,0.7243253014024024,0.1320207975510532,0.1967579087110934,0.8837332847267299,27.35445105456602,53,169,4.164666448421883,703.8286297832983,1.392395623145092,12,Inference_Raw
01C-202 +coll 60x veh 48h-Zstack cell1,NRRD,0.207160189800746,0.207160189800746,0.37,3736.729145050036,9916.116476874751,0.1174366312249897,234,0.6707532771921676,0.1122940890176476,0.2109205512472812,0.8536203505424081,15.962074353144663,110,370,3.455193456406126,1278.4215788702668,1.3819078397370042,27,Inference_Raw
01C-202 +coll 60x veh 48h-Zstack cell2,NRRD,0.207160189800746,0.207160189800746,0.37,3406.4685344695927,9162.34233626484,0.1194943022972136,248,0.696362834891645,0.1056298952634465,0.1884123203888213,0.8355896550700358,13.730317931021368,114,450,3.129766899496292,1408.3951047733312,1.3222488742681036,29,Inference_Raw
01C-202 +coll 60x veh 48h-Zstack cell3,NRRD,0.168422918537191,0.168422918537191,0.37,2758.1500836882024,10706.454435532089,0.0888349197557496,533,0.6365129135715185,0.1247434222580258,0.1763557178323621,0.8826056837905789,5.131759588290931,206,1101,2.2970602766994954,2529.0633646461447,1.4706413133212632,37,Inference_Raw
01C-202 +coll 60x veh 48h-Zstack cell4,NRRD,0.207160189800746,0.207160189800746,0.37,2930.3463935851946,10273.229661338495,0.096395427735076,371,0.7041564638793886,0.1168642949133799,0.1752317826305773,0.9038543244997408,7.876637168329012,178,663,2.6615142280145005,1764.5839331736138,1.395409239444593,43,Inference_Raw
01C-202 +coll 60x veh 48h-Zstack cell5,NRRD,0.207160189800746,0.207160189800746,0.37,27707.27577209463,40583.59255438139,0.1091095723342654,214,0.6737361174078537,0.1223641608835181,0.1174956812816132,0.8925263262025958,129.40624918893076,525,1480,3.562316526699727,5272.228459515596,1.2990308718579433,126,Inference_Raw
01C-202 -coll 60x Veh24h-Zstack cell1,NRRD,0.207160189800746,0.207160189800746,0.37,2727.543926239004,8978.060288466186,0.1051516542501373,170,0.6677153826011123,0.1250260792564496,0.1431407993942792,0.8231189887659724,16.038211373721797,141,475,3.3280124269047886,1580.805902779775,1.400317951907741,40,Inference_Raw
01C-202 -coll 60x Veh24h-Zstack cell2,NRRD,0.156939537727837,0.156939537727837,0.37,1916.1947502577325,6273.346752130083,0.118926305761037,118,0.6492702021759897,0.1071158856438019,0.1635597780234757,0.8217829189282679,16.23577214302588,79,303,3.463983861744748,1049.5871101086586,1.5380244811573371,19,Inference_Raw
01C-202 -coll 60x Veh24h-Zstack cell3,NRRD,0.16706466919415,0.16706466919415,0.37,2031.1922300122335,5305.195346221159,0.1462009166381984,120,0.7088398436822119,0.0963538842425531,0.2069056435699033,0.8020610414815373,16.922471147422062,52,203,3.70884462744085,752.8954593704925,1.4207603115351888,19,Inference_Raw
01C-202 -coll 60x Veh24h-Zstack cell4,NRRD,0.197295418857853,0.197295418857853,0.37,1810.6877073949572,3976.1616716969993,0.1806823756098462,69,0.7088623553307756,0.123838732689763,0.229412539416922,0.8574201530289887,26.23851113825693,51,156,4.207400731884297,656.3545141739503,1.4421268395686322,15,Inference_Raw
01C-202 -coll 60x Veh24h-Zstack cell5,NRRD,0.207160189800746,0.207160189800746,0.37,2909.259510040273,7855.544236869126,0.1254573628550983,171,0.7160249460076523,0.1191317721477493,0.2629929625591543,0.9501534569498804,17.011170638234933,61,241,4.021751481681728,969.2421070852964,1.4207280184787094,11,Inference_Raw
01C-222 +Col 60x veh-Zstack Cell1,NRRD,0.172633491500621,0.172633491500621,0.37,3434.8776936530685,9425.671134985374,0.1168008562661437,181,0.6950597782151962,0.1055546943791106,0.1469060465223418,0.8702711830706751,18.97198554560603,132,396,3.9838298573730735,1577.5966235197377,1.4583420763487471,30,Inference_Raw
01C-222 +Col 60x veh-Zstack Cell2,NRRD,0.131114044177687,0.131114044177687,0.37,2267.4883582847383,6461.442796415008,0.1291768424596335,159,0.7062353668044233,0.1075912198974334,0.1510586515964835,0.8777525986890318,14.256492630983978,154,491,3.0474492354393155,1496.297574600704,1.4254858665821613,40,Inference_Raw
01C-222 +Col 60x veh-Zstack Cell3,NRRD,0.121858935176909,0.121858935176909,0.37,2332.138157220837,7195.837388357593,0.1181877052397722,128,0.689894181572692,0.162515844499729,0.131955684027047,0.9535768338948488,18.212618016247745,227,821,2.6204578846099293,2151.395923264752,1.3018435579100651,46,Inference_Raw
01C-222 +Col 60x veh-Zstack Cell4,NRRD,0.14797156414339,0.14797156414339,0.37,2829.5884083728306,7704.835543529614,0.125565287767993,139,0.720064044923474,0.1230285439872926,0.1495525928550682,0.8939370319994632,20.353254146853097,160,501,3.211483958925372,1608.953463421611,1.4081261753869498,44,Inference_Raw
01C-222 +Col 60x veh-Zstack Cell5,NRRD,0.114453143536323,0.114453143536323,0.37,881.2057663023804,4620.0972559610345,0.0962094858085719,309,0.6765936433684236,0.1380992323867899,0.1457729839455183,0.9864867466573648,2.844598946504928,118,646,2.3749779709457464,1534.2357692309522,1.4954726119971442,31,Inference_Raw
01C-222 -Col 60x veh-Zstack Cell1,NRRD,0.207160189800746,0.207160189800746,0.37,959.6755027770962,4068.889539775545,0.1156354949843046,199,0.6874355181311431,0.1377197341999431,0.2175842973215822,0.9013622856091864,4.811797788993781,79,317,3.010242752833279,954.2469526481494,1.3615169388197417,17,Inference_Raw
01C-222 -Col 60x veh-Zstack Cell2,NRRD,0.163118259685626,0.163118259685626,0.37,9599.368802390436,19715.1283038244,0.1107931648384236,156,0.6390107437381343,0.1276596120965727,0.1259014924218787,0.8224485475337001,61.52677936943484,378,1049,3.486666087761731,3657.512726062056,1.4642067494711957,107,Inference_Raw
01C-222 -Col 60x veh-Zstack Cell3,NRRD,0.138106793200497,0.138106793200497,0.37,3323.618888854954,11896.683393808304,0.090531357576605,221,0.6444836566069653,0.1229173645965659,0.1151728641118763,0.8237229866549274,15.03609359534066,223,766,3.1496172127256283,2412.606784947832,1.616915851215176,38,Inference_Raw
01C-222 -Col 60x veh-Zstack Cell4,NRRD,0.113202289508604,0.113202289508604,0.37,4474.815070324726,10907.062649716929,0.1203999698394815,177,0.6492184552703234,0.0964310945463182,0.13723965011577,0.8407560726042498,25.276967493820788,254,838,2.793762435822769,2341.1729212194805,1.6421459260447364,58,Inference_Raw
01C-222 -Col 60x veh-Zstack Cell5,NRRD,0.152323668971136,0.152323668971136,0.37,3404.592405553461,10893.96196575938,0.1004635114681801,156,0.6912760517930591,0.1112196714459592,0.1119811581087639,0.8345180617332804,21.821393618756,288,758,3.1871933754531563,2415.8925785934925,1.4623740378914316,98,Inference_Raw
03Asc-0043 +coll 60x veh 48h-Zstack cell1,NRRD,0.207160189800746,0.207160189800746,0.37,18134.41815376276,41262.13178212107,0.0808974588670435,318,0.6409573796877549,0.1301079773617663,0.086318469517901,0.9349433952100024,56.86234258255849,849,2815,2.909437045845083,8190.065284053908,1.2384744365425495,207,Inference_Raw
03Asc-0043 +coll 60x veh 48h-Zstack cell2,NRRD,0.16706466919415,0.16706466919415,0.37,11956.160758213951,26106.45506737043,0.0968569340623891,190,0.6816572179010991,0.1128484112637359,0.1030068338513323,0.9079092422677288,62.85226451481611,561,1813,2.9129871043948588,5281.245620267879,1.3129791524299106,137,Inference_Raw
03Asc-0043 +coll 60x veh 48h-Zstack cell3,NRRD,0.207160189800746,0.207160189800746,0.37,1453.6293983459425,7029.374176455049,0.0882815455861294,544,0.7167751677723607,0.1400277302602435,0.2193821947502041,0.9898671525832,2.651534799267255,109,564,2.7216638030985574,1535.0183849475864,1.3628707854647908,16,Inference_Raw
03Asc-0043 +coll 60x veh 48h-Zstack cell4,NRRD,0.121858935176909,0.121858935176909,0.37,1327.9684027173394,5685.854479104673,0.1027575036692371,368,0.6893320984252754,0.117257058435686,0.1830651204486744,0.9030873222706424,3.6044143744477375,90,537,2.470296386196588,1326.5491593875677,1.6366130990187289,15,Inference_Raw
03Asc-0043 +coll 60x veh 48h-Zstack cell5,NRRD,0.165728151840596,0.165728151840596,0.37,21114.64709472629,43089.37515815733,0.0857373019840299,158,0.6139907844157497,0.1236933799343753,0.0873257022519188,0.8226887303704794,133.4705501508092,704,2651,2.929656469519864,7766.519300697159,1.3193696634272307,136,Inference_Raw
03Asc-0043 -coll 60x veh 48h-Zstack cell1,NRRD,0.207160189800746,0.207160189800746,0.37,5140.801191329938,13029.02084112842,0.1105586902036669,396,0.7154140131741485,0.1309024542174974,0.1442515321893586,0.9077402099229052,12.95475526289502,285,907,2.970506044068942,2694.2489819705306,1.3429556505889677,79,Inference_Raw
03Asc-0043 -coll 60x veh 48h-Zstack cell2,NRRD,0.201126397864801,0.201126397864801,0.37,2369.6332908685445,6440.463580941215,0.1334610152153976,101,0.6544471112680129,0.1515570548099671,0.1665769222524711,0.8760764899256177,23.45000875186634,167,481,3.087430177258397,1485.0539152612891,1.344402848309502,57,Inference_Raw
03Asc-0043 -coll 60x veh 48h-Zstack cell3,NRRD,0.201126397864801,0.201126397864801,0.37,8272.717569649356,12347.670219203934,0.1602007584326127,118,0.6960523841790258,0.1284164345956047,0.1809229209341818,0.8767532097141513,70.10130714963174,119,423,4.245045086353619,1795.6540715275803,1.367706117579362,28,Inference_Raw
03Asc-0043 -coll 60x veh 48h-Zstack cell4,NRRD,0.15459715656772,0.15459715656772,0.37,7452.136717651962,13078.882733692622,0.1410697904465762,171,0.6712705883691338,0.1178006571774381,0.1752377329673144,0.8627468144607325,43.57343777178831,196,620,3.48784671043747,2162.4649604712317,1.4495003470361278,36,Inference_Raw
03Asc-0043 -coll 60x veh 48h-Zstack cell5,NRRD,0.129475118625466,0.129475118625466,0.37,4817.491471767392,6805.197671173921,0.202701680602416,88,0.6482366736818891,0.1063485968266062,0.2320821216828189,0.9111862354635356,54.73872350359466,81,349,3.3743754465517988,1177.6570308465778,1.4532109650759986,11,Inference_Raw
03Asc-0051 +Col 60x veh-Zstack Cell1,NRRD,0.109031678842497,0.109031678842497,0.37,3523.2409876138518,8041.9975673580575,0.1392350003393697,161,0.6860134633543779,0.1144584168524507,0.1532489672129223,0.8912562724883211,21.87903122946093,176,689,2.693932305256786,1856.1193583219251,1.4890201940611851,30,Inference_Raw
03Asc-0051 +Col 60x veh-Zstack Cell2,NRRD,0.207160189800746,0.207160189800746,0.37,11867.151832580525,20102.01634385867,0.1251628668295649,74,0.68912778609456,0.1396186719085324,0.131926267953505,0.887479204324163,160.34867763519233,381,870,3.921150999940592,3411.401369948315,1.296018416721288,135,Inference_Raw
03Asc-0051 +Col 60x veh-Zstack Cell3,NRRD,0.172633491500621,0.172633491500621,0.37,6704.495847225115,14160.881292552614,0.1214240160865419,56,0.6574906599041953,0.1430654669241437,0.1266171058634444,0.8886967152566501,119.70581220728876,358,1018,3.162456264590626,3219.380477353257,1.332525304726105,107,Inference_Raw
03Asc-0051 +Col 60x veh-Zstack Cell4,NRRD,0.207160189800746,0.207160189800746,0.37,5867.250680923441,13185.793844443688,0.1193074616190062,90,0.651207162067509,0.1646789775546764,0.1393945511727962,0.9343058121507732,65.18179416656471,219,596,4.258760944639663,2538.2215230052398,1.353711053281996,52,Inference_Raw
03Asc-0051 +Col 60x veh-Zstack Cell5,NRRD,0.172633491500621,0.172633491500621,0.37,7903.115451335819,19393.27032015524,0.0989384929794658,210,0.6546619048215497,0.1482959405035071,0.1196778690449147,0.9634505722427888,37.62952486673949,433,1223,3.509465161004039,4292.07589190794,1.3331990740725006,114,Inference_Raw
03Asc-0051 -Col 60x veh-Zstack Cell1,NRRD,0.129475118625466,0.129475118625466,0.37,1674.871724098909,4873.768065647436,0.1399394943349133,164,0.6748375655014718,0.1239757920380121,0.1764443297688744,0.9400201922609572,10.200945842193322,93,409,2.8001293281569843,1145.2528952162063,1.4284033501430018,21,Inference_Raw
03Asc-0051 -Col 60x veh-Zstack Cell2,NRRD,0.15935399215442,0.15935399215442,0.37,3038.164116221762,6513.666777605558,0.1557397262771711,120,0.7301668089787732,0.104317597190586,0.1709732024407913,0.9139229004458972,25.30840374308921,133,405,3.1250952857590635,1265.6635907324207,1.3563444222004466,31,Inference_Raw
03Asc-0051 -Col 60x veh-Zstack Cell3,NRRD,0.109031678842497,0.109031678842497,0.37,3621.046602560801,11071.467570195866,0.1029994743525696,316,0.6665682426147059,0.0968260944960818,0.1184382988367259,0.8233929882659439,11.456238278383031,342,1363,2.3189770951075155,3160.765780631544,1.5918673850703102,77,Inference_Raw
03Asc-0051 -Col 60x veh-Zstack Cell4,NRRD,0.207160189800746,0.207160189800746,0.37,4977.647781372053,11892.185207737955,0.1185510037293245,119,0.7556851081991636,0.1141377811532771,0.1255847355822589,0.9412440335396928,41.811493064175,297,809,3.1040016186075525,2511.13730945351,1.2690941825256077,93,Inference_Raw
03Asc-0051 -Col 60x veh-Zstack Cell5,NRRD,0.129475118625466,0.129475118625466,0.37,6533.902063965752,14881.850836531568,0.1135731290024628,139,0.7049833705755331,0.1173341076203932,0.1195095693065799,0.9515329096878676,46.99644947545101,384,1316,2.6513105100518017,3489.124631228171,1.364680783706438,104,Inference_Raw
03Asc-0054 -Col 60x veh-Zstack Cell1,NRRD,0.121858935176909,0.121858935176909,0.37,4976.08628652495,11597.275991274812,0.121540233649046,120,0.6453953890733543,0.1130034325861675,0.1353815808756418,0.8133519429136596,41.46225765914611,280,889,2.997349177284175,2664.643418605632,1.5293271729939495,59,Inference_Raw
03Asc-0054 -Col 60x veh-Zstack Cell2,NRRD,0.138106793200497,0.138106793200497,0.37,5643.761825561478,10225.853451400097,0.1499099105791307,83,0.6560445826074863,0.1213752319727182,0.1651899522674273,0.8526717555240674,67.98990318574047,250,766,2.9627888562507496,2269.4962638880743,1.3938887422483976,65,Inference_Raw
03Asc-0054 -Col 60x veh-Zstack Cell3,NRRD,0.14797156414339,0.14797156414339,0.37,1113.7514941546344,4600.48294211663,0.1129465317365648,92,0.6099260904074624,0.1414799674913122,0.1282753790129985,0.8873483478582117,12.096484202458528,147,556,2.8107433169264198,1562.773284211089,1.4235102826799604,36,Inference_Raw
03Asc-0054 -Col 60x veh-Zstack Cell4,NRRD,0.138106793200497,0.138106793200497,0.37,5886.832618713332,9476.786456105296,0.1663709468529386,79,0.6544840718588487,0.1296794517909442,0.1849233278544743,0.8364223982382304,74.5106153850308,206,591,3.268656700264377,1931.7761098562469,1.4452043612085952,50,Inference_Raw
03Asc-0054 -Col 60x veh-Zstack Cell5,NRRD,0.138106793200497,0.138106793200497,0.37,5942.817306518507,12704.380025282857,0.1248893967371566,89,0.6808299022430324,0.1289864498900822,0.1319393773166883,0.8586131708672898,66.76291990815871,323,989,2.821715145910159,2790.676279305147,1.447602418331441,77,Inference_Raw
03Asc-0055 +Col 60x veh-Zstack Cell1,NRRD,0.207160189800746,0.207160189800746,0.37,3462.694931030261,9711.604875218274,0.1139731646924157,124,0.6408731042791346,0.1466757691281544,0.1631987046788292,0.8582970010876171,27.92201388266769,152,417,4.29390307323862,1790.5575815405043,1.3909778408947688,36,Inference_Raw
03Asc-0055 +Col 60x veh-Zstack Cell2,NRRD,0.138106793200497,0.138106793200497,0.37,568.0191040039017,2886.2381498228588,0.1149195517390484,66,0.5917471943470137,0.1663781479132881,0.1324386593529145,0.8755359220276215,8.595122713031122,128,448,2.59787105604883,1163.8462331098758,1.459485981254178,35,Inference_Raw
03Asc-0055 +Col 60x veh-Zstack Cell3,NRRD,0.152323668971136,0.152323668971136,0.37,946.642515156083,4089.5328459074976,0.1140077638295491,131,0.6636653869636107,0.160741001544562,0.1646462735235822,0.9180379688381022,7.223133120257978,89,312,3.7314171451990794,1164.2021493021125,1.420507613752646,20,Inference_Raw
03Asc-0055 +Col 60x veh-Zstack Cell4,NRRD,0.132794993462016,0.132794993462016,0.37,814.1215030963497,3605.714736170214,0.1169370795986512,170,0.6405266634456885,0.146102873129946,0.1494389083205117,0.9078474898654968,4.770411998603988,112,562,2.3597763409341592,1326.1943036049977,1.4480755279939304,28,Inference_Raw
03Asc-0055 +Col 60x veh-Zstack Cell5,NRRD,0.207160189800746,0.207160189800746,0.37,1660.4968070983828,5603.351406204704,0.1210212482980639,86,0.6413542880871117,0.1614476774496752,0.1542647248678939,0.9629876097317016,19.30680995763728,147,438,3.547280254925972,1553.7087516575757,1.4436077917507888,36,Inference_Raw
03Asc-0055 -Col 60x veh-Zstack Cell1,NRRD,0.138106793200497,0.138106793200497,0.37,2003.388023376449,6603.084492192609,0.1163895490276808,183,0.647251947320015,0.1139346471401081,0.2173560814774471,0.8356173137014216,10.94331063859441,84,369,3.207240086569702,1183.47159194422,1.5727087738265055,18,Inference_Raw
03Asc-0055 -Col 60x veh-Zstack Cell2,NRRD,0.172633491500621,0.172633491500621,0.37,2004.8373937606589,6381.89217531185,0.120481610689902,115,0.6568680757432871,0.1331146503224819,0.1417937368878297,0.8991137328679271,17.426848411559863,184,520,3.2934243580921896,1712.5806662079383,1.3741972108431653,52,Inference_Raw
03Asc-0055 -Col 60x veh-Zstack Cell3,NRRD,0.14797156414339,0.14797156414339,0.37,2126.3817378452777,6463.831478643373,0.1237147803522394,104,0.6542921612895223,0.1418935069017642,0.1703485931180565,0.8526190904510094,20.4411485880098,134,451,3.333853039983143,1503.5677210323977,1.440446970889926,26,Inference_Raw
03Asc-0055 -Col 60x veh-Zstack Cell4,NRRD,0.18332760159358,0.18332760159358,0.37,4375.645675378318,10847.10772700041,0.1192701052635365,88,0.618333609920808,0.1531759492051395,0.1492089964950886,0.8980494705192826,49.71660471253417,226,604,3.559765559339382,2150.0983978409868,1.4043226521000922,76,Inference_Raw
03Asc-0055 -Col 60x veh-Zstack Cell5,NRRD,0.155759541203568,0.155759541203568,0.37,1967.1911974679288,5859.91032818993,0.1295659456678823,142,0.6842854638052055,0.119334809314934,0.1766781708518666,0.9006881249468432,13.850488014612072,94,313,3.470277254284536,1086.1967805910597,1.503543643132575,26,Inference_Raw
03Asc-0056 +Col 60x veh-Zstack Cell2,NRRD,0.120441970814387,0.120441970814387,0.37,2354.0579318484306,5980.514398649148,0.1430947439029847,172,0.6659051051101195,0.1259672502694278,0.1648071162711249,0.9145559707892436,13.669719670645744,144,773,2.247287441647476,1737.153192393499,1.4175151538183357,30,Inference_Raw
03Asc-0056 +Col 60x veh-Zstack Cell3,NRRD,0.197295418857853,0.197295418857853,0.37,7116.772787911504,14694.750996866049,0.1217616786799904,84,0.6564626192515738,0.134376058836677,0.1288580503091382,0.9232699890065512,84.69313759613722,342,1084,2.8893978078643308,3132.1072237249346,1.322108572298004,90,Inference_Raw
03Asc-0056 +Col 60x veh-Zstack Cell4,NRRD,0.13365173535532,0.13365173535532,0.37,928.5572937202222,3802.252025684017,0.121054896760985,173,0.6317705633804521,0.1297327187488784,0.2259867135753042,0.8853179467583362,5.347784729714268,80,393,2.452683835716513,963.9047474365896,1.457409181484714,15,Inference_Raw
03Asc-0056 +Col 60x veh-Zstack Cell5,NRRD,0.161843898281832,0.161843898281832,0.37,5211.993644479591,9641.95981651125,0.1507722417823772,124,0.6543634447341135,0.1308346000015227,0.1738714663386802,0.8625377893063095,42.01532471098791,219,727,3.0005491336894674,2181.399220192243,1.3971167274493814,56,Inference_Raw
03Asc-0056 +Col 60x veh-Zstack Cell6,NRRD,0.138106793200497,0.138106793200497,0.37,3681.954765319794,7614.97967580716,0.1514261945612961,73,0.6215389760840349,0.1328120397156152,0.1674852617333801,0.8742101149452894,50.42516891270427,169,645,2.863017906977519,1846.6465500005,1.4363605119055876,40,Inference_Raw
03Asc-0056 -Col 60x veh-Zstack Cell1,NRRD,0.143861242917184,0.143861242917184,0.37,5463.356980019072,11987.132569409958,0.125143568602915,42,0.6894271652913458,0.1702613834924397,0.1267532899460745,0.935494496515776,130.05349134641807,309,984,2.782184412361207,2737.6694617634275,1.3053387903450608,86,Inference_Raw
03Asc-0056 -Col 60x veh-Zstack Cell2,NRRD,0.171206768430368,0.171206768430368,0.37,8167.633307809735,15501.422815808744,0.1265251079818283,63,0.6719425642182666,0.1383609515952439,0.1309744444721241,0.8468132363719153,129.6160522057148,340,1071,3.1496234299580625,3373.246693485085,1.2753759340693105,87,Inference_Raw
03Asc-0056 -Col 60x veh-Zstack Cell3,NRRD,0.171206768430368,0.171206768430368,0.37,2638.435129275444,6162.453749027524,0.1498401039002033,127,0.681320348745159,0.1409332926938759,0.1778056975322988,0.9007585205582194,20.735370404628892,165,641,2.535112885286793,1625.0073594688342,1.3206511324460026,42,Inference_Raw
03Asc-0056 -Col 60x veh-Zstack Cell4,NRRD,0.191814990556246,0.191814990556246,0.37,2899.274413968292,6142.399869110044,0.1600806801702369,45,0.65868274387253,0.1542765237215638,0.1657800744681077,0.90656313464225,64.35601799576332,194,547,2.916150980183508,1595.1345861603786,1.2095293024216478,57,Inference_Raw
03Asc-0056 -Col 60x veh-Zstack Cell5,NRRD,0.191814990556246,0.191814990556246,0.37,10049.648123022887,15385.46623956886,0.1463774015281531,76,0.6944792676390129,0.1143795492522492,0.1513095603420668,0.8426637955131313,132.19620826726066,303,851,3.260597128348866,2774.768156224885,1.290582259920737,78,Inference_Raw
03Asc-024 +coll 60x veh 48h-Zstack cell1,NRRD,0.160589294419182,0.160589294419182,0.37,640.6527715737558,3092.9826938917968,0.1161952676582061,206,0.6637113498564414,0.139127665767122,0.2537483092012028,0.9055961618526022,3.102044206366925,68,309,2.868636671423052,886.408731469723,1.4094649089380324,13,Inference_Raw
03Asc-024 +coll 60x veh 48h-Zstack cell2,NRRD,0.207160189800746,0.207160189800746,0.37,1939.072322845452,5699.6189032414495,0.1319373159071388,115,0.644398131030169,0.1439132589535694,0.196059445517105,0.904844139099474,16.856527743132162,85,299,3.840036723398344,1148.170980296105,1.3375526192506464,22,Inference_Raw
03Asc-024 +coll 60x veh 48h-Zstack cell3,NRRD,0.172633491500621,0.172633491500621,0.37,5242.113769054355,12978.644641527626,0.1124412705685379,202,0.6571511864634029,0.1475770494426842,0.1507528939637663,0.915063982825114,25.94892931456584,239,703,3.925119468153635,2759.358986112006,1.3763897258990376,71,Inference_Raw
03Asc-024 +coll 60x veh 48h-Zstack cell4,NRRD,0.14797156414339,0.14797156414339,0.37,2606.152733977952,7154.279374770986,0.1280122325541829,145,0.6219478974755457,0.1409805923785964,0.2058510865779423,0.8704811774282969,17.970226584480756,147,479,3.241352541332721,1552.607867298373,1.485680062228598,32,Inference_Raw
03Asc-024 +coll 60x veh 48h-Zstack cell5,NRRD,0.184964455179237,0.184964455179237,0.37,1835.44041854993,8505.090091610109,0.0852377676076405,445,0.6382942656402646,0.1386109849980577,0.1725512317204085,0.9064071410583492,4.110845885154295,167,809,3.0126103341432184,2437.201760321864,1.502348431457086,35,Inference_Raw
03Asc24- DMSO low-cell-1,NRRD,0.131114044177687,0.131114044177687,0.37,8314.355083276632,11526.795199965502,0.1721847137299297,198,0.6527557769769193,0.1063951902914337,0.1846203715733313,0.8255802275574096,41.971582468369206,178,707,2.9271899120059675,2069.523267788219,1.457424093844511,30,Inference_Raw
03Asc24- DMSO low-cell-2,NRRD,0.207160189800746,0.207160189800746,0.37,7980.670881271334,11618.013379639417,0.1662309370164174,65,0.6695079735399531,0.1359785591829978,0.1722900814378593,0.8811289281893664,122.71286157461272,211,511,3.5310230052803484,1804.352755698258,1.2764963401554856,64,Inference_Raw
03Asc24- DMSO low-cell-3,NRRD,0.207160189800746,0.207160189800746,0.37,7617.414379119847,11938.709669215024,0.1568189185094443,44,0.6491297200704406,0.1304052388402902,0.1610556616255947,0.8626195388064986,173.08732704682723,265,657,3.363950079848738,2210.115202460621,1.3270953790674365,78,Inference_Raw
03Asc24- DMSO low-cell-4,NRRD,0.115088994333747,0.115088994333747,0.37,4948.540793524765,6338.160215431012,0.2215673080670806,20,0.5419264232257396,0.1437024177623631,0.2339980774378397,0.7448141135767807,247.42164876725525,97,305,3.391988891071987,1034.556611776956,1.4052587172385156,12,Inference_Raw
03Asc24- DMSO low-cell-5,NRRD,0.138106793200497,0.138106793200497,0.37,2769.707107543923,4076.8630959694337,0.2339450679051424,34,0.6387131849719351,0.1270763616034451,0.2609012248870995,0.7907201638205843,81.447651806999,54,234,3.110297885726332,727.8097052599617,1.4814315179347548,10,Inference_Raw
03Asc24-DMSO high cell-1,NRRD,0.161843898281832,0.161843898281832,0.37,1663.084054598562,5838.3815975764455,0.1162700289051937,78,0.6487172524495426,0.1464835316725384,0.1362006859395218,0.8527634006746809,21.320844937760384,177,497,3.034941846591765,1508.3660977561071,1.4349212141870946,50,Inference_Raw
03Asc24-DMSO high cell-2,NRRD,0.184964455179237,0.184964455179237,0.37,1572.7156507117268,4271.701346845063,0.1531028876407205,116,0.7235536487455574,0.1319497059429183,0.221209682016083,0.9046902845786432,13.553092084473628,74,245,3.166192935349694,775.717269160675,1.338736218993937,14,Inference_Raw
03Asc24-DMSO high cell-3,NRRD,0.151211817372807,0.151211817372807,0.37,1589.9235301993474,4847.505323385827,0.1358991230675253,58,0.6192119853016589,0.1447050140385112,0.156429668291876,0.913237349862354,27.408973946165062,125,433,2.937007635802418,1271.7243063024473,1.4360456413693203,31,Inference_Raw
03Asc24-DMSO high cell-4,NRRD,0.207160189800746,0.207160189800746,0.37,1570.0359821319526,5217.221060943248,0.125213538715376,272,0.7179974486908679,0.1292002486623901,0.2383802256898393,0.9097080655108816,5.76997276614692,74,296,3.3380667122555154,988.0677468276326,1.3631397192535737,23,Inference_Raw
03Asc24-DMSO high cell-5,NRRD,0.177059991282688,0.177059991282688,0.37,2563.741158529896,7423.200983708982,0.122032550722753,99,0.6712260631103428,0.1458441800273399,0.1596426723873788,0.8814863043747838,25.895086495464728,213,610,2.908350135346418,1774.093582561315,1.381897624682428,57,Inference_Raw
03Asc46 +coll 60x veh 48h-Zstack cell1,NRRD,0.14903610777032,0.14903610777032,0.37,4859.478501674756,11447.357561176592,0.1212007534324689,164,0.6163709199827532,0.1455849211691641,0.1763984983392394,0.9083990793184862,29.626055507351776,183,635,3.57229431359252,2268.40688913125,1.506382499902716,32,Inference_Raw
03Asc46 +coll 60x veh 48h-Zstack cell2,NRRD,0.207160189800746,0.207160189800746,0.37,4201.736211776719,11180.08488512752,0.1126310706841373,217,0.6449789273921512,0.1388299145422071,0.1338563632028544,0.8922849036359303,19.336277658488825,286,841,3.1777148329577494,2672.458174517468,1.3323075462201892,76,Inference_Raw
03Asc46 +coll 60x veh 48h-Zstack cell3,NRRD,0.207160189800746,0.207160189800746,0.37,4337.6735687255705,15236.58413422354,0.0844178760464222,615,0.6709133613343365,0.1363460707473352,0.11358775281582,0.9169399102976724,7.011920649830863,353,1201,3.067836655689609,3684.47182348322,1.344680260958459,95,Inference_Raw
03Asc46 +coll 60x veh 48h-Zstack cell4,NRRD,0.207160189800746,0.207160189800746,0.37,3666.98999404906,11564.645759189045,0.0994393492387985,540,0.701318382189347,0.1223261439146174,0.1362179072391904,0.9381664768177468,6.746320724487281,261,895,2.864726951687325,2563.930621760156,1.3390854624408683,71,Inference_Raw
03Asc46 +coll 60x veh 48h-Zstack cell5,NRRD,0.207160189800746,0.207160189800746,0.37,4874.182319641096,9170.058102987832,0.1516048925870962,49,0.6347301742210262,0.1735391079894784,0.1760890752509605,0.9059312126916752,99.45658177745553,149,392,4.077858486902673,1598.5205268658476,1.3161463440925427,36,Inference_Raw
03Asc46 -coll 60x veh 48h-Zstack cell1,NRRD,0.127092140982052,0.127092140982052,0.37,2915.248427914525,7443.614878720224,0.1325818096060432,124,0.6686477669469642,0.1322607245013845,0.1557829375280841,0.8562792474373022,23.50394698435948,178,774,2.6644205641325294,2062.2615166385776,1.5182706504449146,25,Inference_Raw
03Asc46 -coll 60x veh 48h-Zstack cell2,NRRD,0.207160189800746,0.207160189800746,0.37,7782.504987716647,17297.83646597343,0.1097923150649783,180,0.6360549684281954,0.1518861644962474,0.1285458869913742,0.8693826602745197,43.21928977966294,372,951,3.923071284933096,3730.840791971375,1.345301268284414,122,Inference_Raw
03Asc46 -coll 60x veh 48h-Zstack cell3,NRRD,0.207160189800746,0.207160189800746,0.37,8309.200716018648,19049.49658695532,0.1041454069065685,76,0.6780877978906763,0.1460094252110508,0.1109694462534609,0.8693676270388482,109.32532046970532,394,912,4.528779805567133,4130.247182677225,1.3375970274535764,124,Inference_Raw
03Asc46 -coll 60x veh 48h-Zstack cell4,NRRD,0.207160189800746,0.207160189800746,0.37,7387.364101409887,16268.169916203917,0.1127556798244573,151,0.6372990452459,0.1592713842529758,0.1363307517962825,0.9528067239103826,48.91137382052576,359,1048,3.626139637684785,3800.194340293655,1.343865642310495,98,Inference_Raw
03Asc46 -coll 60x veh 48h-Zstack cell5,NRRD,0.207160189800746,0.207160189800746,0.37,8101.936340332003,16290.84933772644,0.1197474520978798,134,0.6820772497206583,0.132066586256481,0.1299425250949278,0.8697737400146593,60.44491084653919,295,829,3.696223267979607,3064.169089155094,1.367106293359639,83,Inference_Raw
03Asc47 +coll 60x veh 48h-Zstack cell1,NRRD,0.207160189800746,0.207160189800746,0.37,7366.40424728391,16449.534009998377,0.1113014674383939,184,0.6457001967429151,0.1320853451066877,0.1860660333207585,0.8594866636377897,40.03359753152585,191,558,4.471956935406875,2495.351969957036,1.373184574216059,46,Inference_Raw
03Asc47 +coll 60x veh 48h-Zstack cell2,NRRD,0.207160189800746,0.207160189800746,0.37,7137.576627731299,20375.27105588233,0.0879862048335564,330,0.6331423446938979,0.1373710232305227,0.1521393808033172,0.8821183015354132,21.62613305178548,288,941,3.863311407255581,3635.376034227502,1.394115546042181,67,Inference_Raw
03Asc47 +coll 60x veh 48h-Zstack cell3,NRRD,0.207160189800746,0.207160189800746,0.37,4602.037668228133,10109.914786047932,0.1323437416178501,138,0.6637266461032695,0.1404544021457889,0.1888116977331956,0.8651704608197909,33.33958439204992,115,384,4.378521933365086,1681.352422412193,1.3620840069804625,22,Inference_Raw
03Asc47 +coll 60x veh 48h-Zstack cell4,NRRD,0.168422918537191,0.168422918537191,0.37,5459.06807821744,13427.425636131558,0.1116615645869646,234,0.6339514361628429,0.146324224366826,0.1569413792655102,0.8898605017482643,23.32145669272284,215,735,3.830695879546438,2815.561471466632,1.4280303235118432,40,Inference_Raw
03Asc47 +coll 60x veh 48h-Zstack cell5,NRRD,0.207160189800746,0.207160189800746,0.37,5390.509271621685,10836.48347844914,0.1371983693098334,154,0.6457184659288603,0.1518921140878174,0.1728473000410596,0.9013340646614638,34.99557383648749,161,452,4.361286845556974,1971.3016541917525,1.3341154698379354,42,Inference_Raw
03Asc47 -coll 60x veh 48h-Zstack cell1,NRRD,0.180139295478909,0.180139295478909,0.37,8969.273522129944,13870.063340947643,0.1505141021394491,99,0.6698571336177952,0.1194510664515,0.1675808331347039,0.8449374498911688,90.59180957710844,194,561,3.8151234846740136,2140.284274902121,1.3988324782391024,44,Inference_Raw
03Asc47 -coll 60x veh 48h-Zstack cell2,NRRD,0.175559482881988,0.175559482881988,0.37,1026.6972149764233,4509.322900946583,0.109144296351271,200,0.6371266138614011,0.1302681450498464,0.1700558221683837,0.8946102431463914,5.119345339506848,110,426,2.9969251872823626,1276.6901297822865,1.3911513972692948,27,Inference_Raw
03Asc47 -coll 60x veh 48h-Zstack cell3,NRRD,0.175559482881988,0.175559482881988,0.37,4627.338978998326,9949.955405537205,0.134963769767812,69,0.6375772744456382,0.1414320494328573,0.1494983967998833,0.8627789970839991,67.05528120769824,189,589,3.429335024073769,2019.8783291794496,1.3838650346076933,49,Inference_Raw
03Asc47 -coll 60x veh 48h-Zstack cell4,NRRD,0.17408419310987,0.17408419310987,0.37,4996.743143955889,10079.704197272968,0.1402257228129559,58,0.6496401636885232,0.140250320817353,0.1538283549980992,0.863378189489336,86.14513737964464,201,533,3.6332881478886287,1936.542582824639,1.3755260417411035,56,Inference_Raw
03Asc47 -coll 60x veh 48h-Zstack cell5,NRRD,0.207160189800746,0.207160189800746,0.37,5071.125555038435,13221.1111492312,0.1079656847884492,223,0.6568385027970823,0.1387291605026355,0.1624803783482735,0.9090549402257394,22.73378008684228,236,743,3.316962498350549,2464.5031362744576,1.325981756848652,55,Inference_Raw
03Rt-0045 +coll 60x veh 48h-Zstack cell1,NRRD,0.158137549466218,0.158137549466218,0.37,13325.440453646574,26976.6783018969,0.1007588882120091,299,0.6213045127181965,0.1115594924650686,0.10755621867538,0.8451935583943111,44.52104554833702,622,2490,2.487578697444416,6194.070956636596,1.414564535363943,157,Inference_Raw
03Rt-0045 +coll 60x veh 48h-Zstack cell2,NRRD,0.207160189800746,0.207160189800746,0.37,29317.135477065935,44143.46022160708,0.1041594731253223,157,0.684976384353222,0.1137132736148111,0.10738091864249,0.9284703745395232,186.67853015243563,785,2082,3.3729178353069678,7022.414933109106,1.2794031941502393,205,Inference_Raw
03Rt-0045 +coll 60x veh 48h-Zstack cell3,NRRD,0.14092529918418,0.14092529918418,0.37,13823.009937418014,18837.120854218,0.1478670290840207,236,0.6122013354763053,0.0975574584237751,0.1575561153460254,0.8600886490587228,58.53876011521928,349,1462,2.780398777428994,4064.943012601189,1.4462136014900262,69,Inference_Raw
03Rt-0045 +coll 60x veh 48h-Zstack cell4,NRRD,0.190055220000684,0.190055220000684,0.37,13623.426723295504,23480.821495278036,0.1174794066191547,73,0.5704287798811607,0.1415921789496862,0.1251722697427882,0.7978226814492316,186.56260013542249,459,1575,2.936471473534478,4624.942570816803,1.3311617406927538,96,Inference_Raw
03Rt-0045 +coll 60x veh 48h-Zstack cell5,NRRD,0.13903368443003,0.13903368443003,0.37,5761.65471923841,8052.811488743027,0.1930047855973886,137,0.6300365370172222,0.1119978205697285,0.2099578468805765,0.8290741066450181,42.031650234346536,125,498,3.201831678077373,1594.5121756825315,1.5049323135548744,22,Inference_Raw
03Rt-0045 -coll 60x veh 48h-Zstack cell1,NRRD,0.165728151840596,0.165728151840596,0.37,22804.12820434541,43456.40740616342,0.0894896110747032,168,0.5483810910988659,0.1311016067394837,0.0934386935722752,0.7839893791786539,135.65253884451556,914,3242,2.667019719474029,8646.477930534802,1.3734119854434723,245,Inference_Raw
03Rt-0045 -coll 60x veh 48h-Zstack cell2,NRRD,0.165728151840596,0.165728151840596,0.37,22664.538116454783,29785.76468985189,0.130028919056479,260,0.6290760552337142,0.1106987716799087,0.1384393126447586,0.8896477258737765,87.1373347355758,460,1583,3.4246861151981003,5421.278120358593,1.397600168636577,91,Inference_Raw
03Rt-0045 -coll 60x veh 48h-Zstack cell3,NRRD,0.207160189800746,0.207160189800746,0.37,45715.56959152206,65511.95214508505,0.0943784861952004,36,0.5383148765765303,0.1354109002484795,0.0949276188214929,0.792310893381118,1269.7618126869156,686,1922,4.025729562022303,7737.452218206866,1.2952265374619742,129,Inference_Raw
03Rt-0045 -coll 60x veh 48h-Zstack cell4,NRRD,0.207160189800746,0.207160189800746,0.37,32082.629442214853,41122.37498910837,0.118736954530025,72,0.7169222889590178,0.0999057967793623,0.120165707432776,0.8380971152460677,445.5567896366104,485,1341,3.894763835923681,5222.878303973656,1.2626579388498893,102,Inference_Raw
03Rt-0045 -coll 60x veh 48h-Zstack cell5,NRRD,0.172633491500621,0.172633491500621,0.37,12015.075385570392,22222.461569150448,0.114158861083905,225,0.6608824686252333,0.1182141184979929,0.1217659515797386,0.8839545035258624,53.34294637044212,435,1389,3.093517185707382,4296.895370947554,1.3517590190282345,124,Inference_Raw
01ASC-0180 +coll 60x DMSO48h-Zstack cell1,NRRD,0.193607654019388,0.193607654019388,0.37,1457.900852706803,6606.356236573849,0.0941183119269923,285,0.6700430675865459,0.1576911483129482,0.1344098438333693,0.9673153380514152,5.06853012913442,180,715,2.9307146777498656,2095.460994591154,1.3312167515196294,39,Training_Labels
01ASC-0180 +coll 60x DMSO48h-Zstack cell10,NRRD,0.207160189800746,0.207160189800746,0.37,919.1054821014372,3665.217760554244,0.1247272211046805,98,0.6578591895966412,0.1793622475406849,0.1687715471588082,0.9197596175418596,9.378627368382014,83,233,4.209638760237411,980.8458311353168,1.3536407732453877,19,Training_Labels
01ASC-0180 +coll 60x DMSO48h-Zstack cell2,NRRD,0.15935399215442,0.15935399215442,0.37,1377.7712252013032,4970.763100027573,0.12046081549365,155,0.6877008283281184,0.1493108697482009,0.1774229108118137,0.9128425203069268,8.855325298742537,86,361,3.2868990578254857,1186.5705598750003,1.4465521757574322,14,Training_Labels
01ASC-0180 +coll 60x DMSO48h-Zstack cell3,NRRD,0.193607654019388,0.193607654019388,0.37,1925.1353376889615,6284.796660452262,0.1190786047812898,83,0.6808232531564992,0.1506951918969973,0.1396814847523606,0.896532860321417,23.19440165890315,134,366,3.783944352547181,1384.9236330322683,1.3546116944172104,41,Training_Labels
01ASC-0180 +coll 60x DMSO48h-Zstack cell4,NRRD,0.193607654019388,0.193607654019388,0.37,843.1967402849677,3450.575985327395,0.1250868938571243,120,0.7496347074843284,0.1470462536025222,0.1580967713853073,0.9286088871588009,7.026639502374731,86,234,3.663033394881288,857.1498144022214,1.360007959305582,21,Training_Labels
01ASC-0180 +coll 60x DMSO48h-Zstack cell5,NRRD,0.181719464737496,0.181719464737496,0.37,686.6220622181503,3064.821929413173,0.1228072615595844,114,0.6605181961991847,0.1562877297486281,0.1734377737942155,0.8987804675157088,6.0230005457732485,79,270,3.385153917290833,913.9915576685248,1.405594815719476,20,Training_Labels
01ASC-0180 +coll 60x DMSO48h-Zstack cell6,NRRD,0.207160189800746,0.207160189800746,0.37,1585.867023468012,4500.812548228073,0.1461182216184981,47,0.6592491406778515,0.1720833238009362,0.1916356026190149,0.8762427805459022,33.7418515631492,83,253,3.863084015502167,977.3602559220482,1.3452244275946348,24,Training_Labels
01ASC-0180 +coll 60x DMSO48h-Zstack cell7,NRRD,0.207160189800746,0.207160189800746,0.37,2133.9989662170337,7465.037490247063,0.1073779069992282,146,0.6862428439222625,0.1386274426289385,0.1258818180022136,0.9354447323565624,14.616431275459137,195,605,3.081952334284191,1864.5811622419355,1.3078464673438603,57,Training_Labels
01ASC-0180 +coll 60x DMSO48h-Zstack cell8,NRRD,0.207160189800746,0.207160189800746,0.37,1659.9728107452331,7488.561823380583,0.090535663358556,352,0.6753154928269061,0.1580934567013472,0.1476010111759353,0.9593708775462492,4.694720425389013,171,635,3.3459244418451024,2124.66202057164,1.312934138817241,43,Training_Labels
01ASC-0180 +coll 60x DMSO48h-Zstack cell9,NRRD,0.118377251314712,0.118377251314712,0.37,523.9678363410776,3069.43571390909,0.1023989102931788,163,0.6771645381754533,0.1389332274682707,0.1331796784381888,0.8885983265162727,3.214526603319495,69,380,2.706617547707045,1028.5146681286774,1.5795051691298134,8,Training_Labels
01ASC-0180 -coll 60x DMSO48H-Zstack cell1,NRRD,0.207160189800746,0.207160189800746,0.37,636.2427234649635,2678.065626151939,0.1335810321738486,89,0.7286060670746994,0.1392713223324163,0.1520252492178877,0.9622840372180664,7.148794645673749,111,304,2.916949943119409,886.7527827083005,1.238516548192966,34,Training_Labels
01ASC-0180 -coll 60x DMSO48H-Zstack cell2,NRRD,0.164412849048211,0.164412849048211,0.37,1638.8663358969404,5886.576066359015,0.1141958672585505,75,0.7210268664990155,0.141936184351097,0.1234957539259854,0.9225401767926332,21.851551145292536,194,567,3.084912692477957,1749.1454966350016,1.3280304577921047,55,Training_Labels
01ASC-0180 -coll 60x DMSO48H-Zstack cell3,NRRD,0.207160189800746,0.207160189800746,0.37,7890.622901916477,15451.222214927328,0.1240496314878848,185,0.6944004578427673,0.1309128308570961,0.1562487011445522,0.9293254020354778,42.65201568603501,319,847,3.4953181347709665,2960.5344601510087,1.305308365509373,86,Training_Labels
01ASC-0180 -coll 60x DMSO48H-Zstack cell4,NRRD,0.168422918537191,0.168422918537191,0.37,1932.131400213266,6580.401560835333,0.114004720314609,171,0.6974212480198569,0.1381985779348432,0.1537778909225664,0.9110790727007252,11.299014036334889,144,456,3.2234058383306765,1469.8730622787884,1.356511077638023,38,Training_Labels
01ASC-0180 -coll 60x DMSO48H-Zstack cell5,NRRD,0.191814990556246,0.191814990556246,0.37,1463.2233866938743,5670.157938610022,0.1099248945471238,180,0.7036430912948434,0.1379675188167458,0.1454341372397095,0.9150433961881276,8.129018814965969,135,455,3.0590433865626228,1391.8647408859931,1.3523768002154686,41,Training_Labels
01ASC-0180 -coll 60x DMSO48h-Zstack cell10,NRRD,0.180139295478909,0.180139295478909,0.37,1295.2918501567174,4049.321289640552,0.1419102100871897,68,0.7019153536443766,0.152679457860857,0.1783400977858932,0.9387023629312802,19.048409561128192,96,264,3.5706294629423514,942.6461782167808,1.3678057123991982,27,Training_Labels
01ASC-0180 -coll 60x DMSO48h-Zstack cell6,NRRD,0.205109098812619,0.205109098812619,0.37,3108.226578675687,10388.20404083254,0.0991483367345498,298,0.6884889080565223,0.1423242106637913,0.1944982540854516,0.9095292390323818,10.42976819002936,138,488,3.740314802927992,1825.2736238288603,1.3982438119076732,31,Training_Labels
01ASC-0180 -coll 60x DMSO48h-Zstack cell7,NRRD,0.207160189800746,0.207160189800746,0.37,2731.1483860015774,9087.532201086458,0.1039764596943828,365,0.7167556716467476,0.1430120119484123,0.1584590206573627,0.947791813000756,7.481858762976216,184,606,3.284182486177172,1990.2145866233664,1.3314122362339864,48,Training_Labels
01ASC-0180 -coll 60x DMSO48h-Zstack cell8,NRRD,0.207160189800746,0.207160189800746,0.37,3907.0279598235943,11970.730922427829,0.1002138626067636,236,0.7043853357660727,0.1506968071620502,0.1315512557607846,0.935199331804287,16.555203219591505,298,817,3.3976768246232067,2775.90196571716,1.297578508627934,97,Training_Labels
01ASC-0180 -coll 60x DMSO48h-Zstack cell9,NRRD,0.180139295478909,0.180139295478909,0.37,2113.5630183949834,6603.838038465815,0.1206047775319631,180,0.7146532329668258,0.135312455523175,0.164912678199057,0.9159913508768954,11.742016768861015,136,441,3.3275354519073064,1467.443134291122,1.3750013448137952,37,Training_Labels
01Asc-230 +Col 60x veh-Zstack Cell1,NRRD,0.160589294419182,0.160589294419182,0.37,2502.602071230795,6836.304586812543,0.1303938935237554,46,0.6315747161279853,0.1559557078793678,0.1766521927903959,0.8102945867927839,54.40439285284336,101,303,4.4401423087629,1345.3631195551586,1.509204897340917,19,Training_Labels
01Asc-230 +Col 60x veh-Zstack Cell2,NRRD,0.129475118625466,0.129475118625466,0.37,4616.161007434098,9959.274982235402,0.1346202417915407,74,0.6647189146183448,0.104210499332701,0.1410722389001876,0.8093763677416106,62.38055415451483,224,720,2.915082522420733,2098.859416142928,1.4790534560605575,44,Training_Labels
01Asc-230 +Col 60x veh-Zstack Cell3,NRRD,0.103580094900373,0.103580094900373,0.37,3956.0851335525376,9373.516504582618,0.1290501940732844,102,0.6433579179871217,0.1023396876536526,0.1409956512953748,0.8064726762952424,38.78514836816213,220,880,2.759964656853281,2428.768898030888,1.6005812532067856,36,Training_Labels
01Asc-230 -Col 60x veh-Zstack Cell1,NRRD,0.188327445273405,0.188327445273405,0.37,3750.5304714864624,9221.243436292309,0.126596909182299,90,0.6783605567653054,0.1273217245978063,0.1481034490967215,0.8529070887056599,41.67256079429403,199,564,3.189079767446074,1798.6409888395856,1.364334776780888,55,Training_Labels
01Asc-230 -Col 60x veh-Zstack Cell2,NRRD,0.121858935176909,0.121858935176909,0.37,8277.373198406836,13183.62786605029,0.1500989127582307,45,0.6233214160432509,0.1125255905992948,0.1552837646239205,0.7811935265122888,183.94162663126303,315,1039,2.9060769386549263,3019.4139392624684,1.5359725789622691,66,Training_Labels
01Asc-230 -Col 60x veh-Zstack Cell3,NRRD,0.164412849048211,0.164412849048211,0.37,8574.735820969174,15581.71864985397,0.1300217275463652,75,0.6259526302562338,0.1356806417521745,0.1439125592268239,0.8824955129757814,114.32981094625568,321,885,3.414420403659971,3021.7620572390742,1.3691975810582155,87,Training_Labels
01Asc-230 -Col 60x veh-Zstack Cell4,NRRD,0.14797156414339,0.14797156414339,0.37,4566.432164639828,8447.568610080467,0.1575688639185141,33,0.5997858049816,0.139712477850241,0.1749891226069484,0.791407787094645,138.3767322618129,158,439,3.95103978837589,1734.5064670970155,1.3888363348584776,35,Training_Labels
01Asc-230 -Col 60x veh-Zstack Cell5,NRRD,0.115088994333747,0.115088994333747,0.37,1844.984690348276,4528.255883469037,0.160650349824262,90,0.6563286946284417,0.1079639461156634,0.187984272229371,0.8164093646573126,20.499829892758623,101,383,2.816740947579446,1078.8117829229277,1.5316035522764562,14,Training_Labels
03Asc-0057 +Col 60x veh-Zstack Cell1,NRRD,0.207160189800746,0.207160189800746,0.37,1782.4450492858823,6071.465531631498,0.1170940131065109,235,0.6887028667670391,0.1545175600585894,0.1679459969778577,0.9593670235516089,7.584872550152693,142,481,3.574809970164042,1719.4835956489042,1.324037998737418,48,Training_Labels
03Asc-0057 +Col 60x veh-Zstack Cell2,NRRD,0.14797156414339,0.14797156414339,0.37,1342.4287523542089,5432.049137545622,0.1083381124936796,208,0.615352048497344,0.1439173746169005,0.1345304414010245,0.873589180068931,6.426486480554173,195,742,2.5644568694001357,1902.8269970949004,1.4123564742689152,53,Training_Labels
03Asc-0057 +Col 60x veh-Zstack Cell3,NRRD,0.207160189800746,0.207160189800746,0.37,2740.8661365508938,9037.70121259686,0.1047976060352389,153,0.6939694215762569,0.1594522367388157,0.1172735626532095,0.9524637671738112,17.9141577552346,310,834,3.0451050265412576,2539.617592135409,1.28332653495869,119,Training_Labels
03Asc-0057 +Col 60x veh-Zstack Cell4,NRRD,0.138106793200497,0.138106793200497,0.37,1263.9286041259666,4155.1722729517005,0.136053625306407,182,0.6529817602769237,0.1602219295602649,0.1981352515116849,0.8923432965912312,6.944662660032784,126,445,2.9643765518067173,1319.1475655539891,1.4574848309277186,35,Training_Labels
03Asc-0057 +Col 60x veh-Zstack Cell5,NRRD,0.14797156414339,0.14797156414339,0.37,835.6721060616602,4205.740217708195,0.1020153721993036,116,0.6520708190270192,0.1724110626183696,0.159468927334665,0.9099117209384175,7.2040698798418985,135,486,2.948674173209942,1433.0556481800318,1.443569541918242,33,Training_Labels
03Asc-0057 -Col 60x veh-Zstack Cell1,NRRD,0.191814990556246,0.191814990556246,0.37,3288.930948869661,11229.923489714674,0.095238050620666,157,0.6868919456715998,0.1614638244491764,0.107990718598999,0.9291843233926363,20.94860476987045,393,1137,2.831419213844577,3219.323646141284,1.296821905414353,102,Training_Labels
03Asc-0057 -Col 60x veh-Zstack Cell2,NRRD,0.207160189800746,0.207160189800746,0.37,2720.7954883575344,7277.0351763282015,0.1295170416845799,194,0.7203646370049277,0.1558088667373993,0.1668581459460476,0.9593708775462494,14.02471901215224,150,448,3.690924662995037,1653.5342490217768,1.317678193342852,50,Training_Labels
03Asc-0057 -Col 60x veh-Zstack Cell3,NRRD,0.207160189800746,0.207160189800746,0.37,7194.279384613012,19110.287333075,0.0943065318309299,227,0.7133995579784995,0.1385472731144446,0.1049131009441022,0.8970084873859295,31.691741523238424,514,1327,3.197803419937458,4243.485138257007,1.3014197049676908,165,Training_Labels
03Asc-0057 -Col 60x veh-Zstack Cell4,NRRD,0.207160189800746,0.207160189800746,0.37,2733.149099349966,9672.113927481072,0.0977398355041603,285,0.6780899772156311,0.1501479787906167,0.1389086108354047,0.9358183517679826,9.58843682941634,216,696,3.3907036437419653,2359.929736044408,1.320054581167536,50,Training_Labels
03Asc-0057 -Col 60x veh-Zstack Cell5,NRRD,0.207160189800746,0.207160189800746,0.37,1367.9480552673292,4816.542840737184,0.1237262265687068,114,0.6746740038451515,0.1490328526375574,0.1484073356810974,0.9170445911994434,11.999544344450255,131,383,3.52982890980725,1351.9244724561768,1.2932246271235617,38,Training_Labels
