Filename,Volume,Surface_Area,Sphericity,Fragment_Count,Junction_Count,Branch_Count,Mean_Branch_Length,Total_Network_Length,Mean_Tortuosity,Cyclomatic_Number
01Asc-230 +Col 60x veh-Zstack Cell4_segmentation_visible.nii.gz,787050.0,544659.94,0.07568797884752666,226,36387,75991,2.3019440911955225,174927.03343403895,inf,4374
01Asc-230 +Col 60x veh-Zstack Cell5_segmentation_visible.nii.gz,494165.0,370108.38,0.0816713749185926,133,18012,37145,2.456182558453166,91234.90113374285,inf,2824
01C-0083 +coll 60x vehicleZstack cell1_segmentation_visible.nii.gz,764592.0,589455.3,0.06859930852705041,178,36128,75213,2.2983688721890667,172867.21798395627,inf,4585
01C-0083 +coll 60x vehicleZstack cell2_segmentation_visible.nii.gz,700656.0,412813.56,0.09241306994567451,198,35661,75157,2.2052806756497123,165742.27973980544,inf,2975
01C-0083 +coll 60x vehicleZstack cell3_segmentation_visible.nii.gz,554345.0,418090.16,0.07805503783129242,485,23766,48988,2.364066475326258,115810.88849328273,inf,3512
01C-0083 +coll 60x vehicleZstack cell4_segmentation_visible.nii.gz,556700.0,374217.75,0.0874528341992431,328,22030,46255,2.3980306260903452,110920.90660980891,inf,2321
01C-0083 +coll 60x vehicleZstack cell5_segmentation_visible.nii.gz,440944.0,371677.88,0.07537714893356454,200,16502,33930,2.459985889671726,83467.32123656166,inf,2937
01C-0083 -coll 60x vehicleZstack cell1_segmentation_visible.nii.gz,429493.0,366803.12,0.07505077088370456,260,11406,23562,2.7805069707760692,65514.30524542574,inf,1985
01C-0083 -coll 60x vehicleZstack cell2_segmentation_visible.nii.gz,422166.0,193801.0,0.14042689069691822,66,20696,43338,2.2251208104993028,96432.28568541878,inf,1466
01C-0083 -coll 60x vehicleZstack cell3_segmentation_visible.nii.gz,410977.0,275206.88,0.0971336832721687,49,15042,31255,2.43059773586923,75968.33223459279,inf,1933
01C-0083 -coll 60x vehicleZstack cell4_segmentation_visible.nii.gz,502501.0,409624.8,0.07462009926962221,200,17408,36301,2.519939199309192,91476.31287412299,inf,2833
01C-0083 -coll 60x vehicleZstack cell5_segmentation_visible.nii.gz,437663.0,294199.66,0.09475493808266562,220,15272,31963,2.411726841085702,77086.02502162229,inf,1606
01C-0096 +coll 60x vehicleZstack cell1_segmentation_visible.nii.gz,343758.0,113877.16,0.2083928050166795,208,12203,25757,2.3626659495010527,60855.186861298615,inf,773
01C-0096 +coll 60x vehicleZstack cell2_segmentation_visible.nii.gz,167335.0,37535.934,0.391226346909822,43,5272,11154,2.3420335690229765,26123.04242888228,inf,85
01C-0096 +coll 60x vehicleZstack cell3_segmentation_visible.nii.gz,124480.0,47563.54,0.25347960160151983,112,4982,10452,2.3052922957426216,24094.915075101882,inf,245
01C-0096 +coll 60x vehicleZstack cell4_segmentation_visible.nii.gz,144089.0,133025.48,0.09991633460593502,509,7632,15170,2.548851235917608,38666.07324887012,inf,2058
01C-0096 +coll 60x vehicleZstack cell5_segmentation_visible.nii.gz,448974.0,237420.53,0.11942996726767642,238,22544,46784,2.268482539498616,106128.68712790326,inf,2670
01C-0096 -coll 60x vehicleZstack cell1_segmentation_visible.nii.gz,324508.0,181795.38,0.1256179107628942,185,10332,21616,2.491042950098922,53846.384409338294,inf,1244
01C-0096 -coll 60x vehicleZstack cell2_segmentation_visible.nii.gz,394510.0,198382.52,0.13112517338682841,286,14838,31105,2.448633615715884,76164.74861684258,inf,1398
01C-0096 -coll 60x vehicleZstack cell3_segmentation_visible.nii.gz,469631.0,152844.97,0.19116313673546978,148,14940,31558,2.514345876811772,79347.7271804259,inf,844
01C-0096 -coll 60x vehicleZstack cell4_segmentation_visible.nii.gz,285619.0,123674.58,0.169587986191837,184,9359,19719,2.37831753898715,46898.043551287614,inf,644
01C-0096 -coll 60x vehicleZstack cell5_segmentation_visible.nii.gz,467796.0,208623.38,0.1396879123664255,264,16714,34960,2.3786416962791077,83157.3137019176,inf,1458
01C-0097 +coll 60x VehicleZstack cell1_segmentation_visible.nii.gz,560318.0,343773.06,0.095609709265219,337,34369,71238,2.200619794280821,156767.75290497715,inf,4071
01C-0097 +coll 60x VehicleZstack cell2_segmentation_visible.nii.gz,396111.0,242734.44,0.10745599856966669,143,18669,38650,2.3187544252204613,89619.85853477083,inf,2354
01C-0097 +coll 60x VehicleZstack cell3_segmentation_visible.nii.gz,463189.0,336216.0,0.08610689035800384,125,26021,53715,2.257631130186911,121268.65615798993,inf,3512
01C-0097 +coll 60x VehicleZstack cell4_segmentation_visible.nii.gz,538312.0,372868.16,0.08582586780093324,223,31563,64571,2.2722075879479937,146718.7161613899,inf,4927
01C-0097 +coll 60x VehicleZstack cell5_segmentation_visible.nii.gz,513258.0,344845.66,0.08989796265111828,160,28255,58625,2.2402905390630683,131337.0328525724,inf,3741
01C-0097 -coll 60x VehicleZstack cell1_segmentation_visible.nii.gz,42408.0,42382.832,0.13875841987398607,283,2500,4913,2.707005139537572,13299.516250548091,inf,759
01C-0097 -coll 60x VehicleZstack cell2_segmentation_visible.nii.gz,370420.0,281293.56,0.08867215898835781,164,17888,36530,2.3591247157152604,86178.82586507846,inf,2982
01C-0097 -coll 60x VehicleZstack cell3_segmentation_visible.nii.gz,222236.0,160000.53,0.11089338512859376,196,7743,15847,2.586660573316627,40990.81010534859,inf,1515
01C-0097 -coll 60x VehicleZstack cell4_segmentation_visible.nii.gz,391501.0,257077.83,0.10067185847906697,198,18802,38860,2.3040561486685,89535.6219372579,inf,2454
01C-0097 -coll 60x VehicleZstack cell5_segmentation_visible.nii.gz,387044.0,231992.4,0.11070925151516511,460,18161,37527,2.3875148410766043,89596.26944108173,inf,2469
01C-0113 +coll veh60x Zstack cell1_segmentation_visible.nii.gz,99438.0,90757.04,0.114368228191305,144,1369,2905,3.0455810776038317,8847.413030439131,inf,248
01C-0113 +coll veh60x Zstack cell2_segmentation_visible.nii.gz,199094.0,158343.12,0.10413347487528148,196,4720,9968,2.537810981561418,25296.899864204213,inf,538
01C-0113 +coll veh60x Zstack cell3_segmentation_visible.nii.gz,99714.0,83835.74,0.12403921331611166,52,1807,3712,2.9692793279913685,11021.96486550396,inf,355
01C-0113 +coll veh60x Zstack cell4_segmentation_visible.nii.gz,109335.0,70638.47,0.15653651266149377,46,2409,5108,2.5364706291571975,12956.291973734966,inf,224
01C-0113 +coll veh60x Zstack cell5_segmentation_visible.nii.gz,229976.0,198762.97,0.09132793969546349,289,6140,12853,2.5297771455442386,32515.2256516801,inf,951
01C-0113 no coll veh60x Zstack cell1_segmentation_visible.nii.gz,197802.0,110908.39,0.14802673955669088,57,6425,13503,2.370594832364584,32010.14202141898,inf,604
01C-0113 no coll veh60x Zstack cell2_segmentation_visible.nii.gz,163166.0,133531.5,0.10814011860089214,104,4618,9622,2.4871159870442927,23931.030027340184,inf,668
01C-0113 no coll veh60x Zstack cell3_segmentation_visible.nii.gz,96380.0,71566.99,0.14204609773559643,74,2984,6199,2.5400210494010813,15745.590485237302,inf,484
01C-0113 no coll veh60x Zstack cell4_segmentation_visible.nii.gz,74174.0,54368.57,0.15702567836442993,30,3046,6391,2.323913872013361,14852.133556037392,inf,371
01C-0113 no coll veh60x Zstack cell5_segmentation_visible.nii.gz,161146.0,122449.26,0.11695200022072089,119,5029,10389,2.4584038704052125,25540.357809639754,inf,756
01C-0117 +coll 60x VehicleZstack cell1_segmentation_visible.nii.gz,587540.0,387447.56,0.08755806409175926,190,35215,73168,2.2246280119787705,162771.58238046267,inf,4113
01C-0117 +coll 60x VehicleZstack cell2_segmentation_visible.nii.gz,340133.0,192465.72,0.1224324626158524,54,14760,30843,2.2845343623439356,70461.893337774,inf,1560
01C-0117 +coll 60x VehicleZstack cell3_segmentation_visible.nii.gz,163203.0,121070.305,0.11928850092375683,134,5528,11671,2.4614228180528634,28727.265709494968,inf,619
01C-0117 +coll 60x VehicleZstack cell4_segmentation_visible.nii.gz,354307.0,304581.62,0.07949996062901481,195,12115,25239,2.474079980526334,62443.30462850415,inf,1951
01C-0117 +coll 60x VehicleZstack cell5_segmentation_visible.nii.gz,161333.0,104917.92,0.13659975414690936,63,3380,7075,2.7973311689295266,19791.1180201764,inf,513
01C-0117 -coll 60x VehicleZstack cell1_segmentation_visible.nii.gz,124809.0,115414.195,0.10464588749575927,132,3406,7098,2.7416162917771403,19459.99243903414,inf,552
01C-0117 -coll 60x VehicleZstack cell2_segmentation_visible.nii.gz,426977.0,340453.66,0.0805432425309577,284,20113,41263,2.341566902752291,96620.07510826777,inf,3371
01C-0117 -coll 60x VehicleZstack cell3_segmentation_visible.nii.gz,373342.0,221715.34,0.11309053923929974,141,16635,34465,2.3417944754096887,80709.94659499492,inf,2208
01C-0117 -coll 60x VehicleZstack cell4_segmentation_visible.nii.gz,139372.0,96943.5,0.13409598789204955,86,3997,8360,2.5416330432959797,21248.052241954392,inf,597
01C-0117 -coll 60x VehicleZstack cell5_segmentation_visible.nii.gz,155912.0,116462.54,0.12028668752912618,89,5627,11759,2.4120802845858753,28363.652066445306,inf,762
01C-202 +coll 60x veh 48h-Zstack cell1_segmentation_visible.nii.gz,198530.0,195527.06,0.08417077846812562,361,5832,12091,2.588290367358922,31295.01883173673,inf,1186
01C-202 +coll 60x veh 48h-Zstack cell2_segmentation_visible.nii.gz,194819.0,170054.19,0.09556913759383019,420,4788,9855,2.707168574452238,26679.146301226807,inf,1025
01C-202 +coll 60x veh 48h-Zstack cell3_segmentation_visible.nii.gz,228366.0,239022.5,0.07559034079040464,2384,5754,12199,3.020824790483539,36851.04161910869,inf,1639
01C-202 +coll 60x veh 48h-Zstack cell4_segmentation_visible.nii.gz,139900.0,202613.25,0.06432227916736273,938,4983,9703,2.8153559896699782,27317.3991677678,inf,1942
01C-202 +coll 60x veh 48h-Zstack cell5_segmentation_visible.nii.gz,1371243.0,1.3335985e+06,0.044757790782176156,1110,99571,207951,2.141189108154908,445262.4162299213,inf,13272
01C-202 -coll 60x Veh24h-Zstack cell1_segmentation_visible.nii.gz,141800.0,173115.97,0.0759622490591476,311,4479,8594,2.9638128127133485,25471.007312458518,inf,1565
01C-202 -coll 60x Veh24h-Zstack cell2_segmentation_visible.nii.gz,200706.0,164300.38,0.10089875487752947,169,5085,10478,2.6375011404006328,27635.736949117832,inf,1001
01C-202 -coll 60x Veh24h-Zstack cell3_segmentation_visible.nii.gz,214468.0,116591.84,0.14861328093817885,154,4657,9860,2.5902269337490815,25539.637566765945,inf,671
01C-202 -coll 60x Veh24h-Zstack cell4_segmentation_visible.nii.gz,120585.0,82494.17,0.14308355297213726,100,3975,8287,2.4351843146219934,20180.37241527246,inf,535
01C-202 -coll 60x Veh24h-Zstack cell5_segmentation_visible.nii.gz,177770.0,133474.25,0.11454925884169068,230,2666,5734,2.85236904059811,16355.484078789563,inf,482
01C-222 +Col 60x veh-Zstack Cell1_segmentation_visible.nii.gz,275904.0,228415.44,0.0897285541871173,320,6030,12640,2.7132354857265235,34295.29653958326,inf,942
01C-222 +Col 60x veh-Zstack Cell2_segmentation_visible.nii.gz,347169.0,239083.42,0.09991452324829717,285,10218,21266,2.5494289889592383,54216.15687920716,inf,1500
01C-222 +Col 60x veh-Zstack Cell3_segmentation_visible.nii.gz,388544.0,348596.97,0.07386760010138144,349,11140,22791,2.9008480409521846,66113.22770134124,inf,2408
01C-222 +Col 60x veh-Zstack Cell4_segmentation_visible.nii.gz,347786.0,226107.6,0.10577354014108935,232,8572,17774,2.661563538853864,47306.63033958858,inf,1229
01C-222 +Col 60x veh-Zstack Cell5_segmentation_visible.nii.gz,170349.0,183046.78,0.0811861138805424,619,1642,3442,5.316323574041982,18298.7857418525,inf,486
01C-222 -Col 60x veh-Zstack Cell1_segmentation_visible.nii.gz,51853.0,67846.6,0.0991148248214477,388,639,1499,4.112144097121113,6164.104001584548,inf,184
01C-222 -Col 60x veh-Zstack Cell2_segmentation_visible.nii.gz,843698.0,668376.3,0.06460325808120021,357,43257,90058,2.2827012623589686,205575.510285524,inf,5845
01C-222 -Col 60x veh-Zstack Cell3_segmentation_visible.nii.gz,395304.0,395261.25,0.06590029479318335,390,10704,22338,2.6650738098452664,59532.418764323564,inf,2044
01C-222 -Col 60x veh-Zstack Cell4_segmentation_visible.nii.gz,797282.0,677797.1,0.06134686514453637,409,47375,98554,2.228536224598569,219631.15907908737,inf,6842
01C-222 -Col 60x veh-Zstack Cell5_segmentation_visible.nii.gz,358939.0,304836.16,0.08012439192955494,272,7167,14759,2.949258930166929,43528.11255033371,inf,1460
03Asc-0043 +coll 60x veh 48h-Zstack cell1_segmentation_visible.nii.gz,881934.0,1.0359824e+06,0.042929498462198304,3529,44169,86870,2.6133034636284522,227017.67188540366,inf,12418
03Asc-0043 +coll 60x veh 48h-Zstack cell2_segmentation_visible.nii.gz,992352.0,911694.25,0.052773035437225786,1608,46179,93950,2.443832631051592,229598.07568729704,inf,9804
03Asc-0043 +coll 60x veh 48h-Zstack cell3_segmentation_visible.nii.gz,87873.0,114903.734,0.08318664644796125,1078,1066,2718,3.740518083796482,10166.728151758838,inf,344
03Asc-0043 +coll 60x veh 48h-Zstack cell4_segmentation_visible.nii.gz,202420.0,237946.81,0.07006586910348278,757,8135,16429,2.66234369444946,43739.64455611018,inf,2210
03Asc-0043 +coll 60x veh 48h-Zstack cell5_segmentation_visible.nii.gz,1626925.0,1.6923116e+06,0.03952896791436006,3442,85913,172953,2.451307297696174,423960.9510584464,inf,19702
03Asc-0043 -coll 60x veh 48h-Zstack cell1_segmentation_visible.nii.gz,280797.0,269527.94,0.07693819243025099,909,10953,22583,2.538334642914083,57323.21124092874,inf,2343
03Asc-0043 -coll 60x veh 48h-Zstack cell2_segmentation_visible.nii.gz,134543.0,135631.34,0.09361917251429916,280,4137,8251,2.8235567839577844,23297.16702443568,inf,1095
03Asc-0043 -coll 60x veh 48h-Zstack cell3_segmentation_visible.nii.gz,494942.0,354215.6,0.08542519668544844,260,29446,61095,2.228307264440754,136138.4323210079,inf,3782
03Asc-0043 -coll 60x veh 48h-Zstack cell4_segmentation_visible.nii.gz,749257.0,557881.5,0.07150932916868759,378,43809,90373,2.2586652235004614,204122.3522434072,inf,6516
03Asc-0043 -coll 60x veh 48h-Zstack cell5_segmentation_visible.nii.gz,734458.0,413895.1,0.09511269552866873,228,49057,102394,2.1602479655645164,221196.4301860131,inf,4631
03Asc-0051 +Col 60x veh-Zstack Cell1_segmentation_visible.nii.gz,677803.0,549061.5,0.06796189137743161,346,36930,76778,2.2717081524160503,174417.2085261995,inf,4871
03Asc-0051 +Col 60x veh-Zstack Cell2_segmentation_visible.nii.gz,654507.0,473654.4,0.07696596871178166,176,24594,50856,2.3880636297265103,121447.36395337142,inf,3514
03Asc-0051 +Col 60x veh-Zstack Cell3_segmentation_visible.nii.gz,546993.0,396914.5,0.08149075449341475,218,18794,38673,2.50513824299661,96881.2112714079,inf,2755
03Asc-0051 +Col 60x veh-Zstack Cell4_segmentation_visible.nii.gz,327981.0,266529.1,0.08629228298000617,229,8319,17107,2.75707737405927,47165.32263803193,inf,1361
03Asc-0051 +Col 60x veh-Zstack Cell5_segmentation_visible.nii.gz,648398.0,525900.2,0.06888773568619666,390,20523,42304,2.6077579598188803,110318.5927321779,inf,3275
03Asc-0051 -Col 60x veh-Zstack Cell1_segmentation_visible.nii.gz,251822.0,199709.66,0.09656376109321409,618,10787,21997,2.504075522920687,55082.14927768635,inf,2155
03Asc-0051 -Col 60x veh-Zstack Cell2_segmentation_visible.nii.gz,296680.0,219323.22,0.09808253769020978,252,13546,27624,2.395436668157757,66171.54252118987,inf,2368
03Asc-0051 -Col 60x veh-Zstack Cell3_segmentation_visible.nii.gz,733556.0,609459.94,0.06453982906265296,722,29538,59586,2.487275291227183,148206.78550306294,inf,6315
03Asc-0051 -Col 60x veh-Zstack Cell4_segmentation_visible.nii.gz,257366.0,275797.25,0.07094606430251207,318,9714,18733,2.761527549913057,51731.6955925213,inf,3169
03Asc-0051 -Col 60x veh-Zstack Cell5_segmentation_visible.nii.gz,916096.0,766689.5,0.05949657059269731,400,40715,82632,2.4249511170797238,200378.56070653175,inf,8408
03Asc-0054 -Col 60x veh-Zstack Cell1_segmentation_visible.nii.gz,818969.0,540476.44,0.07832234245823566,278,32524,68075,2.348183135781044,159852.56696829456,inf,3807
03Asc-0054 -Col 60x veh-Zstack Cell2_segmentation_visible.nii.gz,755277.0,441194.22,0.09090584705788957,209,34740,72439,2.2942336033367092,166191.98799210787,inf,3926
03Asc-0054 -Col 60x veh-Zstack Cell3_segmentation_visible.nii.gz,120267.0,131161.16,0.08983451066611635,231,1671,3224,4.841131353772264,15607.807484561778,inf,537
03Asc-0054 -Col 60x veh-Zstack Cell4_segmentation_visible.nii.gz,756307.0,443905.97,0.09043264219514474,202,37488,78451,2.253366089060885,176778.8230529155,inf,3523
03Asc-0054 -Col 60x veh-Zstack Cell5_segmentation_visible.nii.gz,724231.0,535327.94,0.07285325427471327,294,27657,57421,2.4192318964378607,138914.7147253584,inf,3686
03Asc-0055 +Col 60x veh-Zstack Cell1_segmentation_visible.nii.gz,210846.0,165459.03,0.10353898219446662,187,2423,4988,3.587081827475228,17892.364155446438,inf,403
03Asc-0055 +Col 60x veh-Zstack Cell2_segmentation_visible.nii.gz,76558.0,82977.31,0.10507961658643367,142,751,1457,6.733752352791036,9811.07717801654,inf,245
03Asc-0055 +Col 60x veh-Zstack Cell3_segmentation_visible.nii.gz,103954.0,102926.46,0.10387663863056419,171,629,1352,6.692651071097211,9048.46424812343,inf,161
03Asc-0055 +Col 60x veh-Zstack Cell4_segmentation_visible.nii.gz,120216.0,113501.26,0.10378270015453366,444,1423,2926,4.947556641446713,14476.550732873084,inf,422
03Asc-0055 +Col 60x veh-Zstack Cell5_segmentation_visible.nii.gz,103168.0,96412.11,0.11033565580379265,125,905,1822,5.639393846765707,10274.97558880712,inf,239
03Asc-0055 -Col 60x veh-Zstack Cell1_segmentation_visible.nii.gz,248004.0,221133.44,0.08632478349335024,316,5144,10727,2.820046237389143,30250.63598847334,inf,1021
03Asc-0055 -Col 60x veh-Zstack Cell2_segmentation_visible.nii.gz,167345.0,148543.16,0.09886440815195013,187,2697,5517,3.5932039534246694,19823.7062110439,inf,498
03Asc-0055 -Col 60x veh-Zstack Cell3_segmentation_visible.nii.gz,249356.0,197173.38,0.09716631576324483,195,5640,11595,2.860859730201561,33171.6685716871,inf,1106
03Asc-0055 -Col 60x veh-Zstack Cell4_segmentation_visible.nii.gz,325053.0,245383.78,0.09316963392791641,148,7538,15569,2.714661931110518,42264.571605459656,inf,1164
03Asc-0055 -Col 60x veh-Zstack Cell5_segmentation_visible.nii.gz,213194.0,153396.9,0.11250819979927276,223,3909,8256,2.810415019453043,23202.786400604324,inf,589
03Asc-0056 +Col 60x veh-Zstack Cell2_segmentation_visible.nii.gz,398422.0,346820.78,0.07549900355032006,865,26084,52440,2.344270967702311,122933.56954630918,inf,5118
03Asc-0056 +Col 60x veh-Zstack Cell3_segmentation_visible.nii.gz,407504.0,397957.4,0.0667936920967157,443,23389,46280,2.4285927966583705,112395.27462934938,inf,5494
03Asc-0056 +Col 60x veh-Zstack Cell4_segmentation_visible.nii.gz,122947.0,145931.4,0.08193711109259336,551,5502,10858,2.7876607875779857,30268.42083152177,inf,1697
03Asc-0056 +Col 60x veh-Zstack Cell5_segmentation_visible.nii.gz,468680.0,397860.06,0.07333951925402273,449,29625,59684,2.323985704722204,138704.76280064002,inf,5734
03Asc-0056 +Col 60x veh-Zstack Cell6_segmentation_visible.nii.gz,476577.0,381565.3,0.07732809127572719,344,27403,55316,2.32454036918493,128584.2750618336,inf,5346
03Asc-0056 -Col 60x veh-Zstack Cell1_segmentation_visible.nii.gz,677887.0,538965.6,0.06924066992371793,332,38727,76452,2.4242766364979884,185340.7974135442,inf,9303
03Asc-0056 -Col 60x veh-Zstack Cell2_segmentation_visible.nii.gz,704390.0,507935.8,0.0753732794210823,321,34541,69817,2.4148725047831254,168599.15366644348,inf,6386
03Asc-0056 -Col 60x veh-Zstack Cell3_segmentation_visible.nii.gz,243925.0,170243.92,0.11089621362575755,667,8935,18076,2.6629841471269406,48136.10144346658,inf,1857
03Asc-0056 -Col 60x veh-Zstack Cell4_segmentation_visible.nii.gz,234709.0,138463.88,0.13289260206897263,326,10802,21826,2.517399281757723,54944.75672364407,inf,1946
03Asc-0056 -Col 60x veh-Zstack Cell5_segmentation_visible.nii.gz,622562.0,496230.5,0.07105408910743058,371,42500,86784,2.241587504464509,194533.92998744792,inf,6588
03Asc-024 +coll 60x veh 48h-Zstack cell1_segmentation_visible.nii.gz,61682.0,70932.19,0.10643384110680633,400,547,1307,5.121926103784207,6694.357417645959,inf,168
03Asc-024 +coll 60x veh 48h-Zstack cell2_segmentation_visible.nii.gz,115161.0,100505.336,0.1138934171301138,174,1427,2926,3.9000700750957082,11411.605039730042,inf,344
03Asc-024 +coll 60x veh 48h-Zstack cell3_segmentation_visible.nii.gz,437900.0,321553.2,0.08672572430005794,297,8427,17657,2.927151976795836,51684.72245428408,inf,1194
03Asc-024 +coll 60x veh 48h-Zstack cell4_segmentation_visible.nii.gz,284641.0,234993.31,0.08904856507255153,262,10481,21821,2.4641119672255525,53769.387236828785,inf,1440
03Asc-024 +coll 60x veh 48h-Zstack cell5_segmentation_visible.nii.gz,126470.0,163804.31,0.07438473249943148,923,1460,3408,4.986010278958124,16992.323030689287,inf,391
03Asc24- DMSO low-cell-1_segmentation_visible.nii.gz,1084125.0,810285.44,0.06298430337226892,649,85915,176924,2.1635978147352914,382792.3797742267,inf,11391
03Asc24- DMSO low-cell-2_segmentation_visible.nii.gz,478049.0,301268.62,0.09813979848020561,337,28724,58583,2.255939520077697,132159.70490471172,inf,4377
03Asc24- DMSO low-cell-3_segmentation_visible.nii.gz,425638.0,301742.66,0.09068615972129741,261,25400,51395,2.346082238993491,120576.89667307047,inf,4338
03Asc24- DMSO low-cell-4_segmentation_visible.nii.gz,916540.0,517213.53,0.08822300812675504,164,70145,147009,2.1106489960579697,310284.3982614861,inf,6198
03Asc24- DMSO low-cell-5_segmentation_visible.nii.gz,364628.0,206616.25,0.11945921586459973,141,24205,50259,2.1934268628430713,110239.44069962992,inf,2447
03Asc24-DMSO high cell-1_segmentation_visible.nii.gz,147430.0,149293.67,0.09039962630984566,133,2195,4458,3.706715026348814,16524.53558746301,inf,522
03Asc24-DMSO high cell-2_segmentation_visible.nii.gz,118006.0,94970.055,0.12250867123636301,177,3151,6632,2.665813492952549,17679.675085261304,inf,488
03Asc24-DMSO high cell-3_segmentation_visible.nii.gz,167569.0,139484.19,0.10537920862231284,96,3138,6412,3.1223968362221575,20020.808513856475,inf,514
03Asc24-DMSO high cell-4_segmentation_visible.nii.gz,85858.0,93178.11,0.10100838068363929,349,1271,2773,3.554992970198529,9857.995506360521,inf,292
03Asc24-DMSO high cell-5_segmentation_visible.nii.gz,189252.0,178159.22,0.08947522724864596,211,4688,9670,2.8872106396294503,27919.326885216786,inf,811
03Asc46 +coll 60x veh 48h-Zstack cell1_segmentation_visible.nii.gz,518709.0,414561.62,0.07530853781053429,358,26133,53637,2.355144696245576,126322.89607252396,inf,4072
03Asc46 +coll 60x veh 48h-Zstack cell2_segmentation_visible.nii.gz,235813.0,222043.33,0.08313008512665136,543,7906,16106,2.782160398104029,44809.47537186349,inf,1793
03Asc46 +coll 60x veh 48h-Zstack cell3_segmentation_visible.nii.gz,243909.0,273011.5,0.06914939750416114,1400,6409,13343,3.145668165546261,41972.65033288376,inf,1829
03Asc46 +coll 60x veh 48h-Zstack cell4_segmentation_visible.nii.gz,197919.0,220406.78,0.07451622250448889,1377,6525,13621,2.7952357192362434,38073.90573171687,inf,1763
03Asc46 +coll 60x veh 48h-Zstack cell5_segmentation_visible.nii.gz,275452.0,215301.94,0.09508969910051894,124,13309,26955,2.398693727972135,64656.7894374889,inf,2493
03Asc46 -coll 60x veh 48h-Zstack cell1_segmentation_visible.nii.gz,415225.0,365047.97,0.07373208540129512,369,21767,44118,2.3915443474957727,105510.1535228185,inf,4185
03Asc46 -coll 60x veh 48h-Zstack cell2_segmentation_visible.nii.gz,424967.0,362398.8,0.07542827282822606,359,16615,34349,2.489441494248904,85509.8258859556,inf,2400
03Asc46 -coll 60x veh 48h-Zstack cell3_segmentation_visible.nii.gz,460971.0,404095.12,0.07141392717418854,162,16090,32973,2.6064907805374187,85943.82050666031,inf,2790
03Asc46 -coll 60x veh 48h-Zstack cell4_segmentation_visible.nii.gz,405833.0,349013.03,0.07595226344547092,325,16740,34259,2.5140630089890736,86129.28462495668,inf,2708
03Asc46 -coll 60x veh 48h-Zstack cell5_segmentation_visible.nii.gz,436789.0,369330.06,0.07537903848449963,330,19991,40840,2.41249505003466,98526.29784341551,inf,3439
03Asc47 +coll 60x veh 48h-Zstack cell1_segmentation_visible.nii.gz,436811.0,329185.78,0.08457436920458376,243,14877,31230,2.4412751906166825,76241.024202959,inf,2046
03Asc47 +coll 60x veh 48h-Zstack cell2_segmentation_visible.nii.gz,381840.0,389797.44,0.06529793174916647,481,10411,21623,2.788756094109171,60301.2730229226,inf,1797
03Asc47 +coll 60x veh 48h-Zstack cell3_segmentation_visible.nii.gz,254043.0,222143.88,0.0873215165479028,218,10904,22605,2.4162977400682597,54620.410414243015,inf,1699
03Asc47 +coll 60x veh 48h-Zstack cell4_segmentation_visible.nii.gz,457207.0,385672.7,0.07441728492505159,464,21244,44174,2.4016637802603102,106091.09582921895,inf,2983
03Asc47 +coll 60x veh 48h-Zstack cell5_segmentation_visible.nii.gz,314997.0,227731.22,0.09831033270881705,262,13481,27827,2.4152075863836684,67207.98150629834,inf,1817
03Asc47 -coll 60x veh 48h-Zstack cell1_segmentation_visible.nii.gz,649834.0,465463.62,0.07794710632708635,256,40561,84388,2.2158051458014287,186987.36464389096,inf,4758
03Asc47 -coll 60x veh 48h-Zstack cell2_segmentation_visible.nii.gz,83777.0,96985.95,0.09546814615735771,366,1402,2996,3.966319983535232,11883.094670671555,inf,398
03Asc47 -coll 60x veh 48h-Zstack cell3_segmentation_visible.nii.gz,349448.0,298956.7,0.08025354483793666,233,17001,34800,2.3664173112846556,82351.32243270602,inf,2942
03Asc47 -coll 60x veh 48h-Zstack cell4_segmentation_visible.nii.gz,402059.0,304134.34,0.08661873798157738,170,18318,37667,2.389208692292925,89994.3238125976,inf,3163
03Asc47 -coll 60x veh 48h-Zstack cell5_segmentation_visible.nii.gz,292499.0,267571.12,0.0796393677637311,398,10812,21864,2.6104006306951795,57073.7993895194,inf,2460
03Rt-0045 +coll 60x veh 48h-Zstack cell1_segmentation_visible.nii.gz,1111274.0,1.140679e+06,0.04548499108327615,1711,82750,165889,2.3153121792406743,384084.82210205623,inf,17222
03Rt-0045 +coll 60x veh 48h-Zstack cell2_segmentation_visible.nii.gz,1400103.0,1.4054118e+06,0.043064611644467066,847,103395,207414,2.2750983096674453,471887.2408013635,inf,20960
03Rt-0045 +coll 60x veh 48h-Zstack cell3_segmentation_visible.nii.gz,1663498.0,1.0448466e+06,0.0649800092708568,1424,126646,265041,2.1459177961780487,568756.1986168262,inf,12634
03Rt-0045 +coll 60x veh 48h-Zstack cell4_segmentation_visible.nii.gz,736627.0,817694.56,0.04823823810321789,916,58758,117936,2.274679472372509,268266.5982537242,inf,11852
03Rt-0045 +coll 60x veh 48h-Zstack cell5_segmentation_visible.nii.gz,694560.0,485936.03,0.07805095137293326,605,54619,112953,2.1399717669212395,241716.23098905475,inf,6664
03Rt-0045 -coll 60x veh 48h-Zstack cell1_segmentation_visible.nii.gz,1622484.0,1.9839229e+06,0.033657326936508955,2604,125055,246074,2.336350802716957,574915.1874277724,inf,32277
03Rt-0045 -coll 60x veh 48h-Zstack cell2_segmentation_visible.nii.gz,1861250.0,1.4559498e+06,0.050258271195042455,1158,143296,294584,2.161092695995494,636623.3307571367,inf,19368
03Rt-0045 -coll 60x veh 48h-Zstack cell3_segmentation_visible.nii.gz,1900188.0,2.5796745e+06,0.028759649872809375,1008,158172,306638,2.3676332105936817,726006.3124300254,inf,45643
03Rt-0045 -coll 60x veh 48h-Zstack cell4_segmentation_visible.nii.gz,1497976.0,1.501758e+06,0.04215871908962097,482,117446,236478,2.2425470400210767,530313.0389301042,inf,22450
03Rt-0045 -coll 60x veh 48h-Zstack cell5_segmentation_visible.nii.gz,885215.0,872252.44,0.051114145989228366,1152,58974,118042,2.324035590280195,274333.80914785474,inf,13200
