Filename,Voxel_Z,Voxel_Y,Voxel_X,Volume,Sphericity,Elongation,Flatness,Solidity
Nucleus_Test_0001.nii.gz,1.0,1.0,1.0,70475.0,2.4781711533244826,14.230027072669886,0.6696688892094321,0.9740843123704216
Nucleus_Test_0002.nii.gz,1.0,1.0,1.0,53241.0,2.0812038976382428,11.567710287101082,0.7736687312592786,0.9634428840306934
Nucleus_Test_0003.nii.gz,1.0,1.0,1.0,87536.0,1.7312220955540487,14.950556553511015,0.5338902817969401,0.9644766491406354
Nucleus_Test_0004.nii.gz,1.0,1.0,1.0,67083.0,1.2907221416724912,12.065110296973776,0.6510108222566431,0.9326056729699667
Nucleus_Test_0005.nii.gz,1.0,1.0,1.0,50397.0,2.381565350282785,11.786255697472841,0.6998180180637358,0.9703300088567137
Nucleus_Test_0006.nii.gz,1.0,1.0,1.0,59165.0,1.7586949243363437,15.79697228680521,0.7028608636570971,0.9549504471059173
Nucleus_Test_0007.nii.gz,1.0,1.0,1.0,51666.0,1.3831977693800783,9.692778045372268,0.5631301682466028,0.9341301124651936
Nucleus_Test_0008.nii.gz,1.0,1.0,1.0,65606.0,2.2983720241258485,10.272751717677249,0.6288665791151534,0.960640759071075
Nucleus_Test_0009.nii.gz,1.0,1.0,1.0,84265.0,1.3228146496042126,13.408334278317662,0.6541056868399232,0.9332705621711437
Nucleus_Test_0010.nii.gz,1.0,1.0,1.0,130754.0,2.330522624363981,19.336687850347843,0.6710110945805408,0.9720400850469096
Nucleus_Test_0011.nii.gz,1.0,1.0,1.0,65584.0,2.4265682215466455,8.15550559811973,0.7101148705767625,0.9680009446215609
Nucleus_Test_0012.nii.gz,1.0,1.0,1.0,89464.0,1.9740411129457553,18.249973431283166,0.5272891283727124,0.9559549505267882
Nucleus_Test_0013.nii.gz,1.0,1.0,1.0,108363.0,2.8062457164339336,15.837521626511025,0.5788561483867057,0.9793400753734783
Nucleus_Test_0014.nii.gz,1.0,1.0,1.0,92458.0,2.169018552274424,17.533419737766756,0.5814008399561379,0.9688262969832239
Nucleus_Test_0015.nii.gz,1.0,1.0,1.0,64851.0,1.8322972505037702,11.999769322493098,0.6200837369566151,0.9612967300109692
Nucleus_Test_0016.nii.gz,1.0,1.0,1.0,56235.0,1.6031239012168728,13.429705004624946,0.617677127512209,0.9516999779992892
Nucleus_Test_0017.nii.gz,1.0,1.0,1.0,99590.0,1.8283634433024265,7.424710103358157,0.6509430127043935,0.9499685216628193
Nucleus_Test_0018.nii.gz,1.0,1.0,1.0,80194.0,1.6446229870879574,7.6184447807690825,0.6358026478674166,0.9523928304172754
Nucleus_Test_0019.nii.gz,1.0,1.0,1.0,97174.0,2.740647423262938,12.076556313433537,0.6477035242450586,0.9786394078251675
Nucleus_Test_0020.nii.gz,1.0,1.0,1.0,71424.0,2.0323254926317227,11.103441280083327,0.5703345105785191,0.965215276088543
Nucleus_Test_0021.nii.gz,1.0,1.0,1.0,127189.0,2.670344147785846,10.061019622511491,0.7026327023799606,0.9815329289561822
Nucleus_Test_0022.nii.gz,1.0,1.0,1.0,157545.0,1.1280692461353021,7.116944601324303,0.5242512756194583,0.8912657099306893
Nucleus_Test_0023.nii.gz,1.0,1.0,1.0,0.0,0.0,0.0,,
Nucleus_Test_0024.nii.gz,1.0,1.0,1.0,9861.0,0.3633463708506979,6.3735775290964956,0.5257577932579978,0.5890810180687779
Nucleus_Test_0025.nii.gz,1.0,1.0,1.0,0.0,0.0,0.0,,
Nucleus_Test_0026.nii.gz,1.0,1.0,1.0,0.0,0.0,0.0,,
Nucleus_Test_0027.nii.gz,1.0,1.0,1.0,4517.0,0.5537864000850982,8.121030498289825,0.48751720321204545,0.5946352812371698
Nucleus_Test_0028.nii.gz,1.0,1.0,1.0,18691.0,1.0883595508335864,5.218984376913273,0.505163813372898,0.8479967330641136
Nucleus_Test_0029.nii.gz,1.0,1.0,1.0,0.0,0.0,0.0,,
Nucleus_Test_0030.nii.gz,1.0,1.0,1.0,26.0,0.7045378325577814,3.2276318865200806,0.4959540455392736,0.6666666666666666
Nucleus_Test_0031.nii.gz,1.0,1.0,1.0,121530.0,1.2036358318024687,17.76783135184919,0.35662472509631193,0.7094681776516677
Nucleus_Test_0032.nii.gz,1.0,1.0,1.0,14414.0,0.1388614046538469,19.92736901720945,0.7254856050432952,0.4629808621689542
Nucleus_Test_0033.nii.gz,1.0,1.0,1.0,61210.0,0.8456827484125365,9.1991456650556,0.6916788167304735,0.8968629576990139
Nucleus_Test_0034.nii.gz,1.0,1.0,1.0,85698.0,2.6763497629234068,15.90823180246825,0.4606193680683467,0.9655234575690658
Nucleus_Test_0035.nii.gz,1.0,1.0,1.0,62768.0,2.764963873661204,13.017027221243929,0.7111366223211761,0.9832478711803058
Nucleus_Test_0036.nii.gz,1.0,1.0,1.0,130583.0,3.2338793225199245,15.528752854863566,0.7224366682789028,0.9866863122898485
Nucleus_Test_0037.nii.gz,1.0,1.0,1.0,159341.0,1.2323529589362543,10.324028096585945,0.7200183021119184,0.9523001249125911
Nucleus_Test_0038.nii.gz,1.0,1.0,1.0,78370.0,2.957891805608191,12.615812903025693,0.6556898661279371,0.9845106340213309
Nucleus_Test_0039.nii.gz,1.0,1.0,1.0,39535.0,2.0511876748200817,9.362415897173756,0.6168150486152442,0.9720924514384067
Nucleus_Test_0040.nii.gz,1.0,1.0,1.0,52313.0,2.6027866199996317,8.64336716040795,0.6787269728633203,0.9800663206999269
Nucleus_Test_0041.nii.gz,1.0,1.0,1.0,136909.0,3.0613849663178136,12.566368243148451,0.8400328519267692,0.9849568345323741
Nucleus_Test_0042.nii.gz,1.0,1.0,1.0,155856.0,2.915153375884826,16.35619530944357,0.5670359621360458,0.9820855834000214
Nucleus_Test_0043.nii.gz,1.0,1.0,1.0,191849.0,2.964506911527415,17.21604844532504,0.6300787241166756,0.9829891017528398
Nucleus_Test_0044.nii.gz,1.0,1.0,1.0,97838.0,2.21861097003133,10.885949517962374,0.627972094510636,0.9193859591329637
Nucleus_Test_0045.nii.gz,1.0,1.0,1.0,175604.0,1.822042324678125,12.520042686144318,0.6289929503822939,0.9699307164498306
Nucleus_Test_0046.nii.gz,1.0,1.0,1.0,69606.0,1.2703696451397624,6.63158695820919,0.46840694443568753,0.9411620194079351
Nucleus_Test_0047.nii.gz,1.0,1.0,1.0,173296.0,2.870615505749678,13.958595876571936,0.6471688012951371,0.9845244858538802
Nucleus_Test_0048.nii.gz,1.0,1.0,1.0,105826.0,1.4951814238460481,8.863696409547858,0.3345656055970639,0.928047803856342
Nucleus_Test_0049.nii.gz,1.0,1.0,1.0,82387.0,2.415495886460534,10.938726424399364,0.5072640638959293,0.9755932925962768
Nucleus_Test_0050.nii.gz,1.0,1.0,1.0,241546.0,2.6050099622701848,9.75871365878916,0.7241757502939863,0.9858728927711335
Nucleus_Test_0051.nii.gz,1.0,1.0,1.0,73050.0,1.7856407043510407,6.988544594481026,0.547845439296192,0.9369588918104278
Nucleus_Test_0052.nii.gz,1.0,1.0,1.0,413117.0,3.0371304852419896,17.703535818788417,0.5786047984960397,0.9898407100001917
Nucleus_Test_0053.nii.gz,1.0,1.0,1.0,102936.0,1.7656980822327262,7.92648862637032,0.7514420694215048,0.9328898596170054
Nucleus_Test_0054.nii.gz,1.0,1.0,1.0,143174.0,1.816702220758077,16.35473699075016,0.5408575518448485,0.950829470440569
Nucleus_Test_0055.nii.gz,1.0,1.0,1.0,56757.0,0.236492455375471,33.98552345684899,0.49837753461983525,0.6543029101139142
Nucleus_Test_0056.nii.gz,1.0,1.0,1.0,141140.0,2.2011010376402975,12.83683945160557,0.48949084764615963,0.9612018769111328
Nucleus_Test_0057.nii.gz,1.0,1.0,1.0,49742.0,1.594554491109298,8.22266291627667,0.3843296810898593,0.825072983014862
Nucleus_Test_0058.nii.gz,1.0,1.0,1.0,34850.0,0.2895967496603693,21.64407014935791,0.5970129046295427,0.7022953066118534
Nucleus_Test_0059.nii.gz,1.0,1.0,1.0,79800.0,2.276306840063296,21.069289807916586,0.5276785814941944,0.9694113073689837
Nucleus_Test_0060.nii.gz,1.0,1.0,1.0,55370.0,0.23928645152528602,31.373602980559873,0.6063832564902163,0.6870920507284144
Nucleus_Test_0061.nii.gz,1.0,1.0,1.0,95428.0,2.371232332461364,18.62097724166568,0.5336702487039225,0.9631117346063401
Nucleus_Test_0062.nii.gz,1.0,1.0,1.0,58175.0,2.748887661410101,11.939795347845372,0.543557835150208,0.9835164835164835
Nucleus_Test_0063.nii.gz,1.0,1.0,1.0,139774.0,2.7982564674233945,10.170451088029084,0.7548029601319609,0.9861086614506537
Nucleus_Test_0064.nii.gz,1.0,1.0,1.0,112867.0,2.4661543153285845,16.20604770636808,0.5840237322602906,0.9754299541958344
Nucleus_Test_0065.nii.gz,1.0,1.0,1.0,60509.0,2.4259619473541423,13.033872579920981,0.4847571802586281,0.9612231930103257
Nucleus_Test_0066.nii.gz,1.0,1.0,1.0,106870.0,2.676184076166696,10.74597511533651,0.6740021768780251,0.9785913119917955
Nucleus_Test_0067.nii.gz,1.0,1.0,1.0,63241.0,0.2508912167140531,23.67475852873628,0.713469468024377,0.6243717972768831
Nucleus_Test_0068.nii.gz,1.0,1.0,1.0,188314.0,3.1564178793503372,23.3898402629709,0.46640037922491645,0.9592685038968978
Nucleus_Test_0069.nii.gz,1.0,1.0,1.0,46280.0,1.7637943672119034,11.245292064297635,0.37182531995256435,0.9339834503409068
Nucleus_Test_0070.nii.gz,1.0,1.0,1.0,0.0,0.0,0.0,,
Nucleus_Test_0071.nii.gz,1.0,1.0,1.0,92348.0,1.2930906383973721,14.0471901734611,0.6793311270136941,0.9341806994818653
Nucleus_Test_0072.nii.gz,1.0,1.0,1.0,104355.0,3.0569631548893637,18.111157611399904,0.6100648190386955,0.981185828726165
Nucleus_Test_0073.nii.gz,1.0,1.0,1.0,93380.0,2.4527211054438776,17.011292094674364,0.4337934663050483,0.9685014053538277
Nucleus_Test_0074.nii.gz,1.0,1.0,1.0,97290.0,1.689515684622468,9.333661267250198,0.6378224259456197,0.9572346598279089
Nucleus_Test_0075.nii.gz,1.0,1.0,1.0,51417.0,2.546179577967503,10.666559657358727,0.606853309095418,0.972315198275373
Nucleus_Test_0076.nii.gz,1.0,1.0,1.0,108747.0,3.1980198408657574,14.549631309093675,0.6816571681527521,0.9859738517054418
Nucleus_Test_0077.nii.gz,1.0,1.0,1.0,62196.0,1.8150839096351752,7.402131735158415,0.5099779557522526,0.9631419470126641
Nucleus_Test_0078.nii.gz,1.0,1.0,1.0,10601.0,0.9243711545499734,9.455150940387556,0.29254639514082115,0.8909360810338806
Nucleus_Test_0079.nii.gz,1.0,1.0,1.0,39886.0,1.7305142447208068,16.325476778267923,0.3146956668239763,0.9162876177348954
Nucleus_Test_0080.nii.gz,1.0,1.0,1.0,33948.0,0.3252695279895994,16.89842026565616,0.6092012910911495,0.680921052631579
Nucleus_Test_0081.nii.gz,1.0,1.0,1.0,22555.0,0.4719219255582129,11.658335500358163,0.32571319221566986,0.5406786711832174
Nucleus_Test_0082.nii.gz,1.0,1.0,1.0,96492.0,0.6011734226132547,17.70227738079752,0.5349133327064982,0.860964380041402
Nucleus_Test_0083.nii.gz,1.0,1.0,1.0,147172.0,2.768298885646846,12.991944931440631,0.6349727264425581,0.9774259319523679
Nucleus_Test_0084.nii.gz,1.0,1.0,1.0,20043.0,1.2501205284223715,7.449348367733034,0.34853179151526803,0.9155080213903743
Nucleus_Test_0085.nii.gz,1.0,1.0,1.0,95196.0,2.219709765750108,10.172168498097056,0.6818654451948756,0.9750791260793412
Nucleus_Test_0086.nii.gz,1.0,1.0,1.0,21109.0,1.513018463015718,9.26866262337752,0.3419176546943341,0.8639544877829165
Nucleus_Test_0087.nii.gz,1.0,1.0,1.0,171288.0,1.7682118253857046,9.776489902695875,0.6724170959928889,0.9677111970296054
Nucleus_Test_0088.nii.gz,1.0,1.0,1.0,151298.0,2.2039036625661406,13.41704349716185,0.6170057178645381,0.9670631699381915
Nucleus_Test_0089.nii.gz,1.0,1.0,1.0,74249.0,2.6741026142079427,12.877380108369644,0.6012102594956347,0.975920400625649
Nucleus_Test_0090.nii.gz,1.0,1.0,1.0,99162.0,2.8013257256828323,14.46156826207613,0.6269072681339938,0.9825705254605087
Nucleus_Test_0091.nii.gz,1.0,1.0,1.0,68117.0,2.7075813072968185,13.391957334686904,0.5074831249870302,0.9795933041877588
Nucleus_Test_0092.nii.gz,1.0,1.0,1.0,53928.0,2.5071479691557728,7.773334051588985,0.8660853945527389,0.9716581683212915
Nucleus_Test_0093.nii.gz,1.0,1.0,1.0,186778.0,1.5003821823306454,13.13507884054135,0.6483072852190436,0.9528323062482145
Nucleus_Test_0094.nii.gz,1.0,1.0,1.0,81854.0,1.986855587005132,8.948854337271237,0.5936936869670194,0.9701214814814815
Nucleus_Test_0095.nii.gz,1.0,1.0,1.0,102785.0,2.3383307427474858,10.708497469260259,0.6587861310735379,0.9746626587139782
Nucleus_Test_0096.nii.gz,1.0,1.0,1.0,152167.0,2.605038688082112,10.897082115494776,0.71896273277571,0.9818112603719046
Nucleus_Test_0097.nii.gz,1.0,1.0,1.0,126166.0,2.3085420387062032,10.442078780696022,0.6553328153939507,0.9765926155275176
Nucleus_Test_0098.nii.gz,1.0,1.0,1.0,103496.0,2.7536050120051927,12.522132724452193,0.6416509968946418,0.9821216750965562
Nucleus_Test_0099.nii.gz,1.0,1.0,1.0,76154.0,1.3829943110751368,9.084666204524726,0.5561296441907013,0.9373099789515146
Nucleus_Test_0100.nii.gz,1.0,1.0,1.0,90827.0,1.9053559359502215,10.45171369407779,0.6385583110035253,0.9250504145193816
Nucleus_Test_0101.nii.gz,1.0,1.0,1.0,150491.0,2.331765102478813,14.32830868549987,0.5318667914966337,0.9817785882013407
Nucleus_Test_0102.nii.gz,1.0,1.0,1.0,91804.0,1.844886857973164,11.259367239747695,0.7114707354043236,0.9614515332134935
Nucleus_Test_0103.nii.gz,1.0,1.0,1.0,97649.0,0.7858269842137123,11.905911739015917,0.5537373182363245,0.8545798253137527
Nucleus_Test_0104.nii.gz,1.0,1.0,1.0,46332.0,2.4702139543138126,13.821368126714683,0.7029618662599775,0.9720706731576296
Nucleus_Test_0105.nii.gz,1.0,1.0,1.0,108018.0,0.7852756365085237,15.87964875382559,0.518373185595073,0.8972204910881216
Nucleus_Test_0106.nii.gz,1.0,1.0,1.0,91675.0,0.9155337754474031,13.529671282799262,0.5228310431906241,0.9063419483101391
Nucleus_Test_0107.nii.gz,1.0,1.0,1.0,47549.0,0.4893090104819816,13.370521907171367,0.6658167841298394,0.7851876788419458
