Feature,Organelle,KW_stat,KW_p,d_Healthy_TAA,p_Healthy_TAA,d_Healthy_BAV,p_Healthy_BAV,d_TAA_BAV,p_TAA_BAV,BH_q,Significant,q_Healthy_TAA,q_Healthy_BAV,q_TAA_BAV
Actin_Convex_Hull_Volume_µm³,Actin,3.7636363636363797,0.15231292126322374,0.47270882036632755,0.2452781168067728,1.033198628743762,0.05527805527805527,0.46871082406278547,0.5096153846153847,0.24539303981297156,False,0.5780741739320726,0.16030636030636028,0.6717657342657344
Actin_Extent_ratio,Actin,8.548251748251758,0.013924214917304596,-1.1110292916110343,0.03173399375689655,0.31981094692346557,0.594072594072594,1.8579971019913903,0.005494505494505494,0.057686033228833325,False,0.2738422798977705,0.6380779714113047,0.022762951334379902
Actin_Fractional_Anisotropy_ratio,Actin,0.6593628593628722,0.7191527976793066,-0.1637584170563998,0.7513343125576336,-0.38572685399097734,0.5134865134865134,-0.21950327843975612,0.5833333333333334,0.7448368261678533,False,0.7513343125576336,0.6380779714113047,0.7048611111111112
Actin_Intermediate_Axis_µm,Actin,3.053302253302263,0.21726203341655226,0.22828599292841628,0.3072263700681952,0.8979682901833033,0.20646020646020646,0.7719563100259873,0.18040293040293043,0.27393908561217456,False,0.5780741739320726,0.31512347301820987,0.2753518411413149
Actin_Major_Axis_µm,Actin,5.079720279720291,0.0788774308277627,0.2010929422118129,0.4596715909585638,1.0566193794563274,0.07525807525807525,1.1496258297263866,0.03800366300366301,0.1429653433753199,False,0.6347845779903977,0.19840765295310747,0.07347374847374848
Actin_Minor_Axis_µm,Actin,0.9123543123543243,0.6337015630074543,-0.25048738480891125,0.6985353583033387,-0.5771105433440112,0.43956043956043955,-0.4007469104062982,0.5096153846153847,0.680642419526525,False,0.7513343125576336,0.6070120355834642,0.6717657342657344
Actin_Skeleton_Length_µm,Actin,14.26697746697748,0.000797930758170732,0.9108312236563357,0.037771348951416615,-2.2052945227739946,0.001332001332001332,-4.375484318422569,0.0004578754578754579,0.023139991986951228,True,0.2738422798977705,0.012876012876012876,0.004426129426129426
Actin_Solidity_ratio,Actin,9.402797202797217,0.009082565325846507,-1.437077691423238,0.005410729359599601,-0.48825155772273265,0.594072594072594,1.317324878299043,0.03800366300366301,0.052678878889909735,False,0.15691115142838843,0.6380779714113047,0.07347374847374848
Actin_Volume_µm³,Actin,3.1154623154623238,0.21061337806355482,-0.27302412128274334,0.7513343125576336,0.6857268838605957,0.20646020646020646,1.0662298874631526,0.08974358974358976,0.27393908561217456,False,0.7513343125576336,0.31512347301820987,0.15309200603318254
Mito_Branch_Count_n,Mitochondria,7.319968919968943,0.025732912613114414,0.565972263987544,0.3787382518865303,-1.487152662639284,0.03996003996003995,-1.04350760628045,0.0086996336996337,0.0625367513040448,False,0.5780741739320726,0.12876012876012874,0.02522893772893773
Mito_Cyclomatic_Number_n,Mitochondria,8.623310023310026,0.013411335300626591,-0.5183463923505847,0.3787382518865303,1.5614615360826376,0.012654012654012654,1.285600354852988,0.005494505494505494,0.057686033228833325,False,0.5780741739320726,0.06116106116106116,0.022762951334379902
Mito_Fragment_Count_n,Mitochondria,3.4461538461538623,0.17851602193037483,0.6451448745198932,0.14886094830032745,0.9267773029286607,0.12920412920412921,0.03800132536459044,0.6611721611721613,0.25172898918512143,False,0.47966305563438844,0.28822459591690364,0.7669597069597072
Mito_Junction_Count_n,Mitochondria,7.60885780885782,0.022271912925586144,0.554911136659605,0.3787382518865303,-1.492893592413111,0.02797202797202797,-1.1155794713388354,0.0086996336996337,0.0625367513040448,False,0.5780741739320726,0.11588411588411586,0.02522893772893773
Mito_Max_Fragment_Sphericity_ratio,Mitochondria,8.217404817404827,0.016429078930946507,0.4539870771636592,0.5035147104262714,-1.268381498035538,0.03996003996003995,-1.8787873187845912,0.0018315018315018315,0.05832867470694953,False,0.6348663740157334,0.12876012876012874,0.012793295406112338
Mito_Mean_Branch_Length_µm,Mitochondria,9.587567987567994,0.008281062531280897,-0.1774394555145891,0.6985353583033387,2.583301370114388,0.012654012654012654,5.15862892709108,0.0004578754578754579,0.052678878889909735,False,0.7513343125576336,0.06116106116106116,0.004426129426129426
Mito_Mean_Fragment_Sphericity_ratio,Mitochondria,0.5282051282051299,0.7678947771789881,-0.16919938637429888,0.7513343125576336,-0.5527705547652101,0.37096237096237095,-0.46007281614757617,1.0,0.7678947771789881,False,0.7513343125576336,0.5378954378954378,1.0
Mito_Mean_Fragment_Volume_µm³,Mitochondria,2.5038073038073207,0.2859599102599971,0.6461431511341892,0.09796098392599256,0.7192226141569834,0.5134865134865134,0.289642164930228,0.8269230769230771,0.34553489156416317,False,0.35510856673172303,0.6380779714113047,0.922337278106509
Mito_Mean_Tortuosity_ratio,Mitochondria,12.400932400932419,0.0020284847352938294,-0.2552985736460506,0.3072263700681952,-3.03373267105556,0.000666000666000666,-3.981734179622522,0.0004578754578754579,0.024952675262949933,True,0.5780741739320726,0.012876012876012876,0.004426129426129426
Mito_Min_Fragment_Sphericity_ratio,Mitochondria,7.308780108780127,0.025877276401673713,-1.2694518780571773,0.015123134403066842,-0.4450243722715824,0.594072594072594,1.0832151171669102,0.06868131868131869,0.0625367513040448,False,0.2192854488444692,0.6380779714113047,0.12448489010989013
Mito_Sphericity_ratio,Mitochondria,3.6250194250194454,0.16324392693803116,-0.9694608936295744,0.09796098392599256,-0.4036955174454093,0.7678987678987679,0.840367531447391,0.18040293040293043,0.24916178322120547,False,0.35510856673172303,0.7953237238951524,0.2753518411413149
Mito_Std_Fragment_Sphericity_ratio,Mitochondria,6.3229215229215185,0.04236381243549788,0.1638216121833087,0.2178322292372723,-0.7606391827014238,0.1645021645021645,-1.6122100985095418,0.01327838827838828,0.09450388927918758,False,0.5780741739320726,0.31512347301820987,0.03208943833943834
Mito_Surface_Area_µm²,Mitochondria,3.404351204351215,0.1822865094099155,0.5183218668781381,0.09796098392599256,0.5745222512904951,0.20646020646020646,-0.005691007471438306,1.0,0.25172898918512143,False,0.35510856673172303,0.31512347301820987,1.0
Mito_Total_Network_Length_µm,Mitochondria,5.918881118881146,0.051847914887230374,0.5750476908430097,0.34178646181502725,-0.996476213183936,0.09923409923409923,-0.9029952673124777,0.019230769230769232,0.10739925226640577,False,0.5780741739320726,0.2398157398157398,0.04289940828402367
Mito_Volume_µm³,Mitochondria,3.924009324009333,0.14057633023929217,0.5428240734500956,0.07254925722048405,0.7430279086489986,0.20646020646020646,0.3882138293720013,0.5833333333333334,0.2398066809964396,False,0.35510856673172303,0.31512347301820987,0.7048611111111112
Nucleus_Elongation_ratio,Nucleus,5.688111888111891,0.05818917465388377,-0.37778735351567294,0.4180519085356006,0.9660398325143422,0.20646020646020646,1.6426591936260024,0.0086996336996337,0.11249907099750861,False,0.6061752673766209,0.31512347301820987,0.02522893772893773
Nucleus_Flatness_ratio,Nucleus,0.9365967365967407,0.6260666973322664,-0.4447040037564147,0.549471691823942,0.16569098040326355,0.8591408591408591,0.46949021403664876,0.37728937728937734,0.680642419526525,False,0.6639449609539299,0.8591408591408591,0.5470695970695971
Nucleus_Solidity_ratio,Nucleus,1.1263403263403404,0.5694011051882687,0.6466173285239089,0.3072263700681952,0.7764657361123297,0.594072594072594,0.18139181411928132,1.0,0.6605052820183918,False,0.5780741739320726,0.6380779714113047,1.0
Nucleus_Sphericity_ratio,Nucleus,11.918915557766454,0.0025813112340982687,0.5359412567609116,0.34162967346724304,-2.588103689058366,0.001332001332001332,-4.51123272462062,0.002205740587260748,0.024952675262949933,True,0.5780741739320726,0.012876012876012876,0.012793295406112338
Nucleus_Volume_µm³,Nucleus,8.023465423465439,0.0181020024952602,0.05973234561123867,0.5035147104262714,1.2519062866991282,0.007992007992007992,1.3720669901173064,0.01327838827838828,0.05832867470694953,False,0.6348663740157334,0.057942057942057944,0.03208943833943834
