Feature,Organelle,Cohen_d,p,BH_q,Significant
Actin_Convex_Hull_Volume_µm³,Actin,0.6209508343871284,0.03125223885693879,0.41883562917890466,False
Actin_Extent_ratio,Actin,0.513338116862305,0.30506082202155305,0.562733625261551,False
Actin_Fractional_Anisotropy_ratio,Actin,-0.21468189123113943,0.28151463251002273,0.562733625261551,False
Actin_Intermediate_Axis_µm,Actin,0.5610126947167816,0.11189261385062192,0.4635551145240051,False
Actin_Major_Axis_µm,Actin,0.6995542134411846,0.16617010468287607,0.4809318858273034,False
Actin_Minor_Axis_µm,Actin,-0.4029028020420526,0.3298783320498747,0.562733625261551,False
Actin_Skeleton_Length_µm,Actin,-0.17897967492446926,0.5049850750938458,0.6973603417962633,False
Actin_Solidity_ratio,Actin,-0.023646184481012935,0.7583164735262904,0.8458145281639393,False
Actin_Volume_µm³,Actin,0.5756802480881934,0.11189261385062192,0.4635551145240051,False
Mito_Branch_Count_n,Mitochondria,0.22896617148125448,0.3298783320498747,0.562733625261551,False
Mito_Cyclomatic_Number_n,Mitochondria,-0.17589895871664607,0.6080768794659228,0.73475956268799,False
Mito_Fragment_Count_n,Mitochondria,0.7181125736501279,0.04550026389635839,0.41883562917890466,False
Mito_Junction_Count_n,Mitochondria,0.21067841145665675,0.4119238236601619,0.6636550492302608,False
Mito_Max_Fragment_Sphericity_ratio,Mitochondria,-0.26706586696341417,0.4720305525898034,0.6844443012552149,False
Mito_Mean_Branch_Length_µm,Mitochondria,0.6426146725030141,0.09058732192151371,0.4635551145240051,False
Mito_Mean_Fragment_Sphericity_ratio,Mitochondria,-0.2236371031466375,0.44175632742491955,0.6742596576485614,False
Mito_Mean_Fragment_Volume_µm³,Mitochondria,-0.03796740475860313,0.8777310415017161,0.8777310415017161,False
Mito_Mean_Tortuosity_ratio,Mitochondria,-0.7493781138811386,0.0577704316108834,0.41883562917890466,False
Mito_Min_Fragment_Sphericity_ratio,Mitochondria,-0.03301376192761351,0.6080768794659228,0.73475956268799,False
Mito_Sphericity_ratio,Mitochondria,-0.2726983373770743,0.57268433313998,0.73475956268799,False
Mito_Std_Fragment_Sphericity_ratio,Mitochondria,-0.6934663011607597,0.19982465733238353,0.4829095885532602,False
Mito_Surface_Area_µm²,Mitochondria,0.40215076292915175,0.28151463251002273,0.562733625261551,False
Mito_Total_Network_Length_µm,Mitochondria,0.2840436798068057,0.8374719604535413,0.8673816733268821,False
Mito_Volume_µm³,Mitochondria,0.2775990021799382,0.18242243945173575,0.4809318858273034,False
Nucleus_Elongation_ratio,Nucleus,0.0905746893157577,0.7583164735262904,0.8458145281639393,False
Nucleus_Flatness_ratio,Nucleus,0.8516466508205399,0.0577704316108834,0.41883562917890466,False
Nucleus_Solidity_ratio,Nucleus,-0.02040724335260052,0.7976340690559742,0.8567180741712316,False
Nucleus_Sphericity_ratio,Nucleus,-0.6702083558894314,0.15244365614506214,0.4809318858273034,False
Nucleus_Volume_µm³,Nucleus,0.338958333441623,0.18242243945173575,0.4809318858273034,False
